UniqueCount	AmbigCount
0	0
11	0
0	27
0	0
0	3
0	3
42	0
0	0
0	0
0	0
0	6
0	6
0	11
13	0
45	0
0	3
61	0
6	0
0	0
2	0
309	0
0	0
15	0
0	0
0	0
4	0
11	0
28	0
0	0
0	0
0	0
17	0
4	0
8	0
0	0
0	0
0	17
0	0
5	173
15	0
5	0
2	0
0	0
17	0
14	0
12	0
0	0
82	102
1	99
17	0
1	0
51	0
0	0
9	0
34	1
25	0
0	0
0	0
0	0
0	0
10	0
0	0
4	0
0	0
6	0
0	0
0	0
0	0
7	0
0	0
0	0
7	0
120	0
0	0
2	0
0	0
0	0
7	0
0	0
0	0
4	0
0	0
9	0
3	0
0	7
0	7
0	0
0	0
0	0
3	0
1	0
0	0
0	0
3	0
9	0
93	0
0	0
3	4
3	0
0	0
0	11
0	11
0	0
0	0
11	1
0	730
16	730
11	0
0	0
13	0
0	0
5	0
0	4
0	4
0	0
0	0
5	0
0	0
0	0
0	4
0	4
12	0
0	0
0	0
7	0
6	0
0	0
40	0
0	0
0	0
0	0
19	0
0	0
383	0
6	0
0	0
0	0
0	0
0	0
0	0
0	0
0	0
0	1
0	1
20	0
8	0
9	0
7	0
2	0
3	0
1	0
21	0
0	0
0	0
0	0
0	0
8	0
0	0
0	0
0	24
0	24
0	0
0	0
0	0
0	0
12	0
0	0
0	0
0	0
4	0
3	0
0	0
12	0
0	0
57	0
6	0
20	0
0	0
3	0
0	0
0	0
6	0
0	0
0	0
0	0
31	0
0	0
0	0
4	0
0	0
0	0
0	0
7	0
0	0
0	0
5	0
0	0
0	0
0	0
0	0
0	0
6	0
9	0
0	0
58	0
21	0
0	0
0	0
0	5
0	5
0	0
4	0
11	0
1	0
11	0
0	0
15	0
2	0
0	0
6	0
19	0
4	0
0	0
0	0
17	0
0	3
0	3
0	0
0	0
0	0
39	0
0	0
5	1
0	0
0	0
0	0
0	0
0	0
5	0
0	1
0	6
0	0
0	0
0	0
0	0
0	0
0	0
0	0
0	0
0	0
0	0
0	0
0	0
0	0
0	0
0	0
102	0
31	0
0	0
8	0
0	0
33	0
4	0
99	0
0	0
0	0
0	0
0	7
0	7
9	0
0	0
28	0
26	0
0	0
0	0
4	0
0	0
0	0
3	0
0	0
0	32
9	32
0	0
0	0
0	0
0	0
0	0
9	0
23	0
0	0
0	0
0	0
0	0
0	0
0	0
0	0
0	0
7	0
13	0
16	0
0	0
0	0
9	0
8	0
21	0
0	0
279	7
183	7
13	0
16	0
0	0
0	0
0	0
0	0
0	0
0	0
0	7
0	7
0	0
37	2
0	2
48	0
1	0
0	0
0	0
39	0
6	0
14	0
8	0
4	0
6	0
0	31
0	31
8	0
0	0
0	0
0	0
7	0
4	0
0	24
0	24
0	0
0	0
0	0
16	0
3	0
0	0
0	0
0	0
3	0
0	0
0	0
0	0
0	0
0	0
3	0
0	0
3	0
5	0
0	0
0	0
0	0
0	4
0	4
0	0
0	0
0	0
0	0
0	0
0	0
0	0
4	0
4	0
0	0
0	0
4	0
0	0
0	0
0	7
0	7
0	0
0	0
0	0
15	0
5	0
0	0
9	0
0	0
0	0
0	0
0	0
33	0
23	0
0	0
0	0
0	7
0	7
0	0
0	0
0	0
0	0
3	0
7	0
0	37
0	37
1	0
0	0
1	0
0	0
21	0
0	0
3	0
0	0
0	0
0	0
0	0
0	0
0	0
9	0
18	0
121	0
0	0
0	0
17	0
0	0
2	0
21	0
545	0
4	0
86	0
3	0
0	0
3	0
0	0
13	0
7	0
3	0
77	0
1	0
5	0
15	0
0	0
0	29
3	0
33	0
6	0
0	0
0	0
0	1
0	0
0	0
50	0
0	0
0	13
0	13
0	2
0	2
0	0
0	0
6	0
4	0
0	0
0	12
0	0
12	35
6	1
0	0
32	0
0	0
0	0
0	53
0	0
0	0
0	10
0	51
5	0
0	17
0	0
0	0
0	0
18	4
0	3
0	0
0	0
0	0
0	0
0	0
0	2
0	0
0	0
0	8
0	8
0	0
10	0
15	0
12	0
0	0
0	0
0	0
0	0
0	0
0	0
0	0
0	0
0	0
0	0
1	0
0	0
10	0
2	0
0	0
0	0
0	0
0	0
0	0
0	0
9	0
0	10
0	10
0	0
0	2
0	0
0	0
3	0
5	0
54	0
0	0
0	0
0	0
0	0
2	0
4	0
5	0
0	3
0	3
4	0
0	10
0	10
4	0
0	0
0	0
0	0
0	0
4	0
0	0
0	0
0	0
0	0
0	0
0	0
0	0
8	0
12	1
6	0
0	0
7	0
0	0
7	0
0	3
0	3
6	0
0	0
7	0
0	11
0	11
0	0
11	0
0	0
6	11
0	2
0	0
0	0
0	0
0	9
0	9
0	0
0	8
0	8
0	0
0	0
7	0
33	0
4	0
11	0
18	0
5	0
0	0
9	0
0	0
5	0
0	0
0	0
35	0
7	0
0	0
41	0
0	0
0	0
0	0
0	0
6	0
16	0
44	0
44	0
3	0
34	0
9	0
0	7
0	7
4	0
0	0
0	0
0	0
0	0
0	0
2	0
23	0
0	0
9	0
16	0
0	0
74	0
5	0
63	0
0	0
13	0
6	0
0	0
0	0
0	180
0	0
0	20
0	186
7	20
7	0
3	0
24	0
0	0
14	0
0	8
0	8
0	0
0	0
39	0
0	0
0	0
5	0
0	0
0	0
0	0
10	0
0	32
0	27
8	28
0	0
447	1
0	0
0	0
20	0
3	0
0	0
6	0
15	0
0	0
3	0
0	0
0	0
0	10
0	10
6	0
20	0
12	0
0	0
1	2
0	12
0	10
0	18
0	18
4	0
28	0
6	0
0	61
0	61
7	13
0	0
0	0
0	0
0	0
29	0
0	0
9	0
0	0
0	0
11	0
0	0
0	0
0	0
0	0
4	0
0	1
0	0
0	0
8	0
27	0
0	0
0	0
0	0
466	0
0	0
0	0
0	0
22	0
0	0
0	3
6	3
0	0
7	0
4	0
4	2
0	2
0	2
0	2
4	0
20	0
0	0
11	0
0	0
22	0
0	15
0	15
9	0
8	0
6	0
29	0
0	0
5	0
6	0
30	0
0	0
3	0
28	0
0	0
0	0
11	0
0	0
0	0
0	0
4	7
0	7
0	0
0	0
8	0
0	0
4	0
42	0
3	0
0	0
0	1
0	1
0	0
0	0
2	0
0	0
0	0
8	0
0	0
5	0
0	0
0	0
49	0
20	0
0	0
7	0
0	0
0	6
0	0
77	0
0	0
5	0
30	0
10	0
4	0
13	0
0	3
0	3
3	0
0	42
0	42
6	0
0	0
0	0
0	0
6	0
19	0
0	0
3	0
17	0
1	0
0	0
0	0
0	0
0	0
0	0
0	4
0	4
4	4
0	0
0	0
0	0
0	0
0	0
0	0
0	5
0	0
0	0
0	0
0	0
0	0
0	0
0	0
0	5
0	0
0	0
0	1
0	0
0	0
0	0
7	0
6	0
0	0
0	0
56	0
5	2
4	0
33	0
0	0
0	0
0	1
0	1
19	0
0	38
2	0
0	20
0	20
0	0
0	0
17	0
5	0
1	0
0	0
11	0
3	0
6	0
22	0
9	0
1	0
0	0
0	0
22	0
0	0
0	0
0	0
0	0
6	0
0	0
4	0
0	0
0	0
0	0
42	0
0	0
18	0
3	0
4	0
0	0
3	0
8	0
9	0
14	0
0	0
0	0
21	0
0	0
0	0
0	0
0	0
12	0
8	0
23	0
0	0
0	0
0	20
0	0
0	0
0	0
17	0
8	0
7	0
0	3
0	3
15	0
15	0
1	0
0	0
0	0
0	0
18	0
0	0
5	0
5	0
8	0
13	0
0	0
2	0
21	0
140	0
0	0
15	0
0	0
31	0
10	0
5	0
1	0
10	0
4	0
7	0
0	0
5	0
0	0
5	0
0	0
4	0
3	0
0	0
14	0
0	0
0	3
0	3
0	0
0	3
0	3
0	0
0	0
0	0
0	0
13	0
0	0
0	0
11	0
0	0
0	0
0	0
0	0
0	11
0	11
0	0
2	0
0	0
11	0
0	0
0	0
1	0
0	0
0	0
3	0
0	0
0	0
0	0
2	0
0	0
7	0
39	1
0	0
0	0
0	0
0	0
2	0
13	0
18	0
0	0
2	0
109	0
2	0
0	0
0	0
6	0
9	0
56	0
0	0
0	0
0	0
0	0
30	0
0	0
0	0
0	0
0	0
16	0
0	0
0	0
0	0
0	0
2	202
0	0
0	6
0	2
0	202
0	0
0	6
0	2
6	0
0	0
0	0
3	0
105	0
0	0
3	0
14	0
7	0
2	0
0	8
0	8
0	8
1	0
0	4
0	0
8	0
3	0
0	0
0	0
13	0
0	0
0	0
0	0
1	0
0	0
9	0
0	0
0	0
6	0
0	0
3	0
11	0
40	0
25	0
0	0
0	0
0	0
0	3
0	3
0	0
16	0
4	0
82	0
25	0
0	0
6	0
0	0
0	20
0	20
10	0
0	0
0	0
0	0
12	0
7	0
11	0
22	0
0	0
7	0
0	0
0	0
0	0
3	0
5	0
6	0
0	0
10	0
0	0
0	0
0	0
0	0
0	0
0	0
0	0
10	0
3	0
4	0
0	0
2	0
9	0
2	0
0	0
0	0
0	0
0	0
0	0
6	0
3	0
13	0
3	0
0	0
0	0
86	0
28	0
0	0
21	0
0	0
1	0
26	2
0	0
3	0
65	1
0	0
0	0
0	0
0	0
0	0
0	0
0	0
0	0
0	0
13	0
24	0
0	0
19	0
17	0
9	0
0	0
0	0
0	0
0	0
0	0
0	0
0	0
0	0
6	0
1	0
0	0
0	0
0	0
4	0
7	0
41	0
8	0
173	1
5	0
18	0
7	0
0	0
0	0
0	0
0	0
10	0
0	0
0	0
2	0
8	0
12	0
0	0
0	0
0	0
0	0
0	0
0	0
0	1
0	1
0	1
9	0
0	0
0	0
0	0
0	0
6	0
0	0
0	0
0	0
8	0
102	0
5	0
35	0
0	0
71	0
0	7
0	0
18	0
0	5
8	5
0	0
9	0
0	0
0	0
602	0
0	0
3	0
3	0
0	0
0	0
13	0
0	0
11	0
0	0
0	0
0	0
1	0
27	0
0	0
10	0
0	0
0	0
9	0
0	26
0	0
10	0
0	1
0	1
33	0
9	0
2	0
1	0
4	0
8	0
8	0
0	0
9	0
18	0
0	8
0	0
0	0
3	0
11	0
0	0
0	0
6	0
0	0
0	0
3	0
0	0
10	0
4	0
0	0
0	21
8	0
0	6
0	6
0	0
0	0
12	0
72	0
124	0
2	0
0	0
0	0
0	0
0	0
0	0
5	0
0	0
0	0
0	0
15	0
0	0
0	0
101	2
0	0
0	0
0	0
5	0
0	15
0	15
15	0
0	0
0	0
0	0
0	0
19	0
7	0
0	0
15	0
8	0
0	0
19	0
10	0
18	0
55	0
4	0
19	0
5	0
10	0
0	0
0	0
0	0
0	0
0	0
0	0
0	0
4	1
1	0
2	0
0	0
0	0
0	0
0	2
0	2
0	0
0	0
0	0
31	4
37	0
30	0
0	0
0	0
0	0
14	0
7	0
0	0
0	0
8	0
0	0
0	0
30	0
1	0
40	0
197	0
0	0
62	6
5	0
3	0
11	0
4	0
0	3
0	0
0	0
1	0
127	0
0	0
14	0
0	0
5	0
4	0
0	10
0	10
0	0
0	0
0	4
0	4
0	0
0	0
2	0
0	0
0	0
0	0
0	0
0	0
24	0
68	0
0	0
0	0
0	0
6	0
0	0
1	0
251	0
16	0
0	0
18	0
0	0
0	0
0	0
0	0
14	0
0	0
6	0
26	0
0	0
0	0
9	0
12	0
11	0
2	0
0	0
0	0
0	0
0	0
1	0
4	0
0	0
6	1
0	7
0	7
0	0
0	6
8	6
25	0
0	0
1	0
13	0
6	0
25	0
6	0
0	0
0	0
0	0
0	0
0	3
0	0
0	6
0	0
0	7
0	7
64	0
26	3
12	0
31	0
0	0
25	0
11	0
18	0
7	0
0	0
0	0
293	0
4	0
18	0
4	0
12	0
9	0
0	0
0	48
4	48
17	0
1	0
5	0
0	0
0	0
16	0
0	0
5	0
36	0
0	0
0	0
21	0
21	0
19	0
0	6
3	0
0	0
21	0
1	0
0	0
19	0
13	0
85	0
0	0
30	0
0	0
10	0
0	0
7	0
11	0
0	0
18	0
0	0
15	0
71	0
0	0
5	0
0	19
0	19
0	0
0	0
0	0
8	0
18	0
12	0
44	0
88	2
0	0
0	0
133	0
0	0
9	0
0	0
0	0
24	0
0	0
0	0
0	0
0	0
0	0
66	0
0	0
6	0
0	0
0	0
8	0
0	0
0	0
0	0
0	0
52	0
117	0
0	0
28	0
4	0
0	0
17	0
4	0
7	0
71	0
9	0
8	0
0	0
0	0
0	0
0	0
0	0
0	0
0	0
0	0
0	0
0	0
0	0
0	0
0	0
20	0
0	0
11	0
0	0
0	0
0	0
30	0
0	0
0	0
25	0
25	0
0	0
0	0
0	0
0	0
0	0
0	0
25	0
0	9
0	9
61	0
0	17
0	17
0	0
0	0
0	0
0	0
0	0
0	0
0	0
0	2
35	0
0	0
0	3
0	3
0	3
46	0
8	0
0	0
200	0
0	0
30	0
0	0
7	0
6	0
0	3
0	3
1	0
1	0
7	0
0	0
0	0
0	0
7	24
4	24
0	0
0	0
0	0
0	0
0	0
19	0
12	0
34	1
0	0
0	0
0	0
0	9
0	15
0	0
0	29
0	29
0	0
8	0
0	0
0	0
0	0
0	0
0	0
0	0
0	0
4	0
0	0
21	0
0	0
3	0
205	0
17	0
5	0
50	0
10	0
0	0
0	0
0	0
0	0
0	0
10	0
0	0
5	0
0	8
0	8
0	0
12	0
1	0
0	0
0	0
0	0
7	0
119	0
10	0
0	0
0	0
0	0
0	0
0	0
9	0
0	0
0	0
0	0
0	0
0	3
0	0
0	0
0	0
60	0
0	0
0	0
2	0
0	0
0	0
0	0
0	0
42	0
0	0
0	0
0	0
0	0
7	0
0	0
0	0
0	0
6	0
0	0
10	0
9	0
208	0
2	0
0	0
21	31
0	0
0	0
0	0
0	0
0	0
5	0
0	8
22	0
0	5
0	5
482	0
5	0
0	0
0	0
8	0
0	35
10	0
0	0
0	0
7	0
0	0
0	0
0	0
0	0
10	0
0	0
0	0
3	0
6	0
3	0
0	0
15	0
6	0
0	0
0	0
0	0
0	54
0	54
14	0
2	0
1	26
0	0
3	0
0	0
0	0
0	35
3	35
0	0
0	0
4	0
0	0
0	0
5	0
73	0
1	0
0	0
0	3
0	3
0	0
5	0
6	0
3	0
0	0
0	0
18	0
0	0
0	0
13	0
7	0
28	0
0	1
8	0
0	1
0	0
0	0
0	0
0	0
7	0
0	0
0	3
0	3
0	0
0	0
8	0
0	0
3	0
8	0
0	0
0	31
0	31
0	2
0	0
0	0
2	0
0	0
26	0
0	0
6	0
0	0
45	0
18	0
0	5
0	5
6	0
0	0
0	16
0	16
6	0
9	0
0	0
0	0
0	0
5	0
4	0
5	0
27	0
0	0
0	6
0	6
0	0
60	0
2	0
9	0
117	0
1	0
0	0
0	0
0	0
0	0
0	0
0	0
3	0
0	0
4	1
38	0
0	0
10	0
0	0
0	0
0	0
0	0
5	0
9	0
0	0
0	0
0	0
0	0
11	0
0	0
0	0
0	0
6	0
10	0
0	0
0	0
0	0
0	0
0	0
65	0
0	0
26	0
0	0
0	0
4	0
0	0
0	0
0	0
9	0
0	0
11	0
5	0
4	0
7	0
0	0
0	2
4	0
7	0
7	0
5	0
0	0
39	0
14	0
0	0
0	4
0	4
0	0
8	0
0	0
0	0
0	0
0	0
0	4
0	4
0	4
0	0
0	4
0	4
0	0
0	0
31	0
17	0
0	0
0	31
37	0
0	0
6	0
5	0
11	0
70	0
7	0
5	0
0	0
8	0
0	0
6	0
0	0
0	0
3	0
31	0
9	0
7	0
13	0
0	1
0	1
275	0
0	0
7	0
0	0
0	0
0	0
4	0
5	0
0	0
0	0
5	0
24	0
0	0
0	0
0	0
0	0
0	0
0	0
0	0
0	0
7	0
0	0
0	0
0	0
0	0
2	0
0	0
2	0
0	0
6	0
15	0
0	0
0	0
0	0
8	0
0	0
0	0
0	0
0	0
0	0
5	0
16	0
30	0
3	0
0	0
0	0
0	0
0	0
8	0
3	0
7	0
0	0
0	0
28	0
4	0
33	0
0	0
0	0
0	0
0	0
0	0
8	0
13	0
4	0
0	0
0	0
81	0
56	0
0	0
0	0
0	7
0	7
19	0
0	0
0	0
0	15
1	0
26	0
0	0
0	0
0	0
0	0
0	0
0	0
0	0
0	0
0	0
0	0
0	0
5	0
68	0
3	0
3	0
7	0
0	0
2	0
0	0
15	0
2	0
0	0
2	0
5	0
0	0
0	5
0	5
11	0
731	1
0	0
0	0
17	0
0	0
0	0
23	0
11	0
0	0
12	0
0	3
0	0
16	0
11	0
0	0
31	7
0	0
0	0
0	0
0	0
12	0
21	0
0	0
0	0
0	0
0	0
0	0
44	1
9	0
0	0
1	0
16	0
0	0
0	0
9	0
0	0
57	0
18	0
0	0
3	0
17	0
0	0
0	0
7	0
12	0
0	0
1	0
0	0
17	0
4	0
0	0
0	0
18	0
0	9
0	9
6	0
7	0
0	0
0	0
1	0
0	0
429	0
6	0
187	0
0	0
0	0
0	14
0	14
438	0
0	12
0	12
0	12
0	19
0	19
0	13
0	13
0	13
0	0
371	0
0	0
5	0
0	23
0	23
0	0
0	0
1	15
0	46
0	46
6	13
9	0
13	41
3	13
18	0
1	0
0	0
5	0
9	3
0	0
0	0
24	0
3	0
5	3
13	0
0	0
0	3
1	0
0	0
26	0
0	5
11	0
0	15
0	15
1	0
4	0
17	0
16	0
0	0
0	0
0	0
1	0
73	0
4	0
0	0
5	0
0	2
0	2
0	0
0	0
0	0
0	0
0	0
0	0
0	0
0	2
0	2
0	0
0	0
0	0
0	16
0	16
0	0
14	0
0	0
0	0
0	0
4	0
0	0
14	0
29	0
29	0
0	0
0	0
18	0
10	0
0	0
7	0
13	0
34	0
0	3
0	3
1	0
0	0
46	0
0	0
0	0
0	0
1	0
0	0
0	0
0	0
0	0
15	0
0	0
4	0
7	0
0	0
0	0
21	0
4	0
0	0
0	0
33	0
16	0
0	0
0	0
10	0
0	0
0	0
0	0
7	0
0	0
0	10
0	10
0	0
29	0
0	0
0	0
0	0
0	0
0	0
4	0
0	0
0	0
0	0
0	3
0	3
333	0
7	0
4	0
45	0
4	8
0	8
0	0
0	0
10	0
0	29
0	29
0	0
0	0
0	0
0	0
3	0
20	0
153	0
9	0
0	0
2	0
0	0
21	0
0	0
124	0
0	0
0	0
37	1
0	15
0	15
0	0
0	0
0	0
2	0
0	0
0	5
0	5
0	0
0	9
0	1
0	0
10	0
5	1
0	1
1	0
0	0
0	107
0	107
0	0
17	0
0	0
0	0
0	0
12	14
3	47
0	0
0	47
0	0
0	14
0	5
0	0
7	0
0	0
0	0
0	0
9	0
6	0
2	0
0	0
0	0
2	0
1	11
0	0
4	0
0	0
30	0
0	0
11	0
8	0
0	0
11	0
7	0
6	0
10	0
0	0
0	0
46	0
0	0
0	0
0	0
0	0
9	0
0	15
0	0
0	0
43	0
0	0
26	0
347	3
2	0
0	0
15	7
0	0
0	0
0	0
0	0
10	0
0	0
0	0
14	0
0	0
0	0
0	0
0	0
0	0
0	0
0	0
0	0
0	0
0	0
0	0
0	0
7	0
1	0
4	2
0	0
0	0
0	16
0	16
45	0
4	0
0	0
5	0
0	0
0	0
0	0
0	0
2	0
7	0
5	0
57	0
5	0
0	0
0	9
0	9
220	0
3	0
0	5
0	5
0	0
0	0
15	0
0	0
4	0
11	0
17	0
166	0
6	0
94	0
3	0
0	0
4	0
49	0
0	0
1	0
0	0
70	0
6	0
0	9
0	9
12	0
3	0
0	0
0	0
0	0
34	0
0	0
1	0
4	0
0	0
0	7
0	7
0	149
0	0
0	41
0	41
0	41
0	0
0	0
0	0
0	28
0	0
2	0
0	0
21	0
0	0
0	0
26	8
5	0
3	0
0	0
0	0
8	0
12	0
13	0
10	0
0	0
0	0
14	0
0	0
0	0
2	0
0	0
0	0
0	0
0	0
0	0
32	0
21	0
0	8
0	8
30	0
0	0
24	0
0	0
12	0
13	0
8	0
4	0
0	25
0	27
14	0
0	0
0	0
1	0
32	0
0	0
0	0
0	0
164	0
7	0
11	0
0	0
0	0
4	0
0	0
0	0
16	0
0	0
0	0
2	0
54	0
12	0
0	0
0	0
1	0
16	0
10	0
0	0
0	0
4	0
12	0
7	0
0	0
10	0
0	0
0	0
0	0
0	0
24	0
0	0
10	0
0	0
0	0
28	0
0	0
0	8
3	0
0	0
0	0
28	0
2	0
0	0
0	0
62	0
11	0
87	0
8	0
0	10
0	0
0	2
13	0
54	0
0	0
0	41
0	41
0	41
0	0
21	0
0	7
0	7
0	16
0	16
0	0
0	0
0	0
54	0
0	0
0	0
0	56
0	56
0	0
11	0
11	0
0	0
4	0
29	0
2	0
1	0
4	0
4	0
0	0
17	0
0	0
0	6
513	2
3	0
0	3
0	3
0	0
1	0
0	0
0	0
0	0
7	0
0	2
0	2
4	0
0	0
3	0
2	0
0	0
0	0
27	0
1	0
43	0
15	0
3	0
0	0
0	0
0	0
0	0
0	0
0	37
0	37
0	0
6	0
0	16
0	16
0	0
0	0
0	0
0	0
9	0
302	0
11	0
9	0
248	0
64	0
0	0
0	0
0	0
6	0
0	0
0	0
9	0
0	0
0	0
3	0
0	0
0	0
0	0
5	0
0	0
1	0
0	0
0	0
5	0
0	8
0	8
2	0
17	0
10	0
5	0
0	0
12	0
0	0
0	0
19	0
2	0
2	0
0	0
18	0
4	0
0	0
0	0
0	19
0	0
0	0
0	0
6	0
0	0
45	0
12	0
5	0
1	0
0	28
0	17
0	17
0	0
2	0
2	0
11	0
4	2
0	0
7	0
0	7
0	0
0	0
0	0
0	0
0	0
1	4
0	0
8	0
14	0
0	0
0	0
0	0
6	0
0	0
2	0
3	0
4	0
16	0
6	0
0	0
0	0
1	0
0	0
5	0
18	0
11	0
9	0
13	0
0	0
0	0
0	0
6	0
0	0
16	0
0	0
0	0
5	0
10	0
0	0
21	0
0	0
0	0
0	0
0	0
0	0
7	0
0	0
0	1
0	1
0	0
0	10
0	10
0	0
5	0
5	0
1	0
5	0
0	0
2	0
6	0
30	0
0	0
0	0
0	0
0	0
38	0
14	0
1	0
34	0
0	0
24	0
30	0
0	25
0	25
0	25
0	0
6	0
2	0
0	0
0	0
9	1
21	0
0	13
0	13
4	0
19	0
0	0
0	0
0	0
0	0
0	6
2	0
0	0
0	0
4	1
0	0
0	0
0	0
0	0
110	0
0	0
5	0
109	0
10	0
16	0
3	0
0	0
8	15
6	0
0	0
5	0
0	6
0	6
0	0
0	0
5	0
0	0
8	0
5	0
0	0
1	0
11	0
0	0
2	0
0	0
0	0
0	14
0	14
0	0
2	0
9	0
0	0
4	0
5	0
0	73
0	73
18	0
5	0
0	0
33	0
0	0
0	0
1	7
11	0
41	0
13	3
2	0
9	0
0	0
8	0
0	0
0	0
0	0
0	0
9	0
0	0
0	0
0	33
0	33
1	0
11	0
15	0
0	0
0	0
0	0
0	2
0	2
0	2
0	0
0	0
0	0
0	0
4	0
0	0
0	0
1	0
3	0
0	0
0	0
0	0
0	0
0	0
0	0
3	0
0	11
0	11
0	0
24	0
0	0
0	0
10	0
0	0
4	0
11	0
3	0
0	0
0	0
0	0
0	0
0	24
0	0
0	0
17	0
0	0
8	0
27	0
6	0
0	0
10	0
18	0
12	0
0	0
0	0
0	0
5	1
52	0
1	0
4	0
0	0
0	0
0	29
16	0
5	0
39	0
40	0
0	0
8	0
4	0
0	0
0	0
0	0
34	0
22	0
1	0
459	0
0	0
0	0
0	0
0	0
7	0
10	0
0	0
0	0
4	0
24	0
33	0
0	0
25	0
0	9
0	6
0	9
0	0
0	0
0	0
0	0
0	0
0	0
0	0
0	0
0	0
0	10
21	0
4	0
0	0
0	0
0	0
8	0
0	0
35	1
73	0
22	0
0	0
0	24
0	24
0	0
17	0
5	0
1	0
6	0
7	88
0	88
1	0
0	0
0	0
5	0
3	0
4	0
8	0
0	0
0	0
4	0
0	0
0	0
0	0
3	0
10	0
8	0
0	0
0	0
0	0
0	0
7	0
29	0
7	0
1	0
50	0
351	15
0	0
53	15
0	0
0	0
52	0
2	0
0	0
4	0
0	0
9	0
0	0
1	0
0	0
0	0
0	41
0	41
14	0
0	0
776	0
6	0
0	0
0	0
0	0
0	0
0	0
46	0
0	0
29	0
21	0
0	0
0	0
0	0
0	0
0	0
0	53
0	53
0	53
0	0
0	0
0	110
0	106
0	0
0	0
0	0
0	0
0	0
0	0
0	0
6	0
0	0
0	0
0	0
1	0
0	0
0	0
15	0
0	0
0	0
4	0
0	0
8	0
0	0
1	0
2	0
11	0
0	0
0	0
0	5
0	5
0	173
16	0
0	0
0	0
0	0
12	0
0	0
0	0
0	0
0	0
0	32
0	32
0	0
0	0
0	0
17	0
0	0
0	4
0	4
6	0
8	0
0	0
0	0
0	0
4	0
6	0
0	0
0	0
0	0
0	0
0	0
8	0
0	0
13	0
0	0
13	0
3	0
0	0
0	6
0	6
0	0
0	0
12	0
0	0
34	0
0	40
0	40
0	7
0	7
0	0
5	2
11	2
4	0
12	1
0	13
0	13
5	0
10	0
0	0
0	0
3	0
0	0
0	0
7	0
7	0
0	0
2	0
7	0
0	1
8	2
9	0
10	0
0	0
0	0
0	0
10	0
0	0
739	0
62	0
0	0
43	0
0	0
3	0
36	0
9	0
0	0
0	0
7	0
0	0
11	0
5	38
0	0
10	0
0	0
22	0
0	0
0	1
0	2
0	0
0	0
0	0
13	0
0	0
0	0
0	0
0	10
11	10
5	0
13	0
18	0
0	0
0	0
24	0
0	0
7	0
21	0
0	0
10	0
0	0
0	0
0	0
3	0
0	0
18	0
4	0
0	0
0	0
13	0
0	0
9	0
0	0
3	0
0	0
0	0
0	0
15	0
6	0
0	0
0	0
9	0
0	0
0	0
9	0
10	0
0	0
3	15
16	0
3	0
7	0
15	0
4	0
0	19
0	19
0	79
1	0
0	0
0	0
0	0
0	0
10	2
698	0
0	0
1	0
0	0
0	0
0	0
0	0
0	0
0	0
0	0
0	0
0	0
0	0
0	0
0	0
8	21
7	25
0	0
0	0
6	0
0	1
4	1
12	0
0	0
43	0
4	0
35	0
0	0
47	0
0	0
0	0
0	0
0	0
0	0
8	0
0	0
6	0
0	0
10	0
0	0
0	0
0	11
0	11
4	0
0	0
0	0
0	0
0	0
0	1
11	1
14	0
0	0
0	0
0	0
7	0
0	0
0	0
0	0
5	0
43	0
0	0
0	0
6	0
0	0
1	0
0	0
0	0
0	0
5	0
5	0
28	0
0	0
9	0
10	0
0	0
0	0
0	0
8	1
0	0
0	0
2	0
7	0
0	0
0	0
0	8
0	0
0	0
0	8
0	0
0	0
0	0
5	0
73	0
0	0
0	0
2	0
0	0
0	0
0	0
14	0
0	0
0	0
3	0
0	0
2	0
6	0
20	0
0	0
0	0
0	0
15	0
17	0
18	0
0	0
0	0
0	0
0	0
0	0
0	0
1	0
0	8
2	0
0	3
1	0
0	0
0	0
0	0
0	0
0	0
0	0
0	0
0	0
0	0
7	17
0	17
0	0
5	5
0	5
0	0
0	0
0	0
0	0
0	0
0	0
6	0
11	0
0	0
0	0
0	0
0	0
0	0
0	0
0	0
9	0
26	0
0	0
4	1
0	0
0	0
0	0
12	0
0	0
0	0
8	0
0	0
0	0
0	0
0	0
3	0
0	13
0	13
0	0
3	0
8	0
13	0
12	0
11	0
3	0
35	0
8	0
6	0
21	0
6	0
9	0
0	0
33	0
7	0
0	0
0	0
0	0
0	0
0	0
9	0
307	0
1	0
10	0
0	0
0	0
9	0
0	0
3	0
0	0
0	0
9	255
0	255
24	0
0	0
0	0
7	0
0	0
19	0
1	16
2	0
10	0
23	0
18	0
0	0
0	1
0	1
0	1
5	0
0	0
7	0
27	0
0	19
0	19
3	0
16	0
43	0
12	0
19	0
4	0
52	0
0	0
3	0
0	0
1	0
0	0
5	0
0	0
15	0
10	0
0	0
0	0
0	0
0	0
20	0
3	0
9	0
0	0
0	0
119	2
0	0
0	0
6	0
8	0
8	0
0	0
4	0
3	0
2	0
0	0
0	0
0	0
0	0
0	5
0	0
0	0
12	0
0	0
39	0
2	0
8	0
0	0
1	0
11	0
0	0
0	10
52	0
0	0
9	0
0	0
10	0
0	0
0	0
0	0
0	7
0	3
0	3
0	0
0	6
0	6
0	6
18	0
0	0
0	0
0	0
61	0
0	0
20	0
3	1
10	0
4	0
0	0
6	0
0	0
4	0
0	0
13	6
5	0
17	0
13	0
0	122
0	122
0	0
0	0
4	0
12	0
8	0
0	0
0	1
0	1
9	0
1	0
0	0
10	0
0	0
0	3
11	0
2	0
0	0
0	0
0	12
0	12
0	0
0	0
4	0
0	0
16	0
0	0
33	0
15	0
0	0
36	4
0	0
0	0
0	13
0	13
0	0
13	0
8	0
21	0
0	3
22	0
3	0
10	0
0	9
0	9
9	0
0	0
0	0
8	0
97	3
59	3
14	0
30	0
0	0
2	0
0	0
45	0
0	0
0	0
37	0
2	0
0	0
0	0
3	0
0	0
3	0
0	0
0	0
0	0
0	0
25	0
0	0
0	0
0	0
0	0
0	0
0	0
0	0
3	0
0	0
14	0
0	0
0	0
19	0
0	0
0	0
0	0
6	0
301	0
9	0
0	0
0	0
0	0
11	0
11	0
1	0
0	0
0	0
12	0
0	0
35	0
0	48
0	48
0	0
0	0
0	2
0	2
0	2
0	0
5	0
0	10
0	10
194	0
0	0
1	0
5	0
9	0
74	0
14	0
2	0
7	0
4	0
381	0
11	0
0	0
0	0
0	0
0	9
0	9
0	41
0	24
0	0
0	5
0	2
0	16
19	0
8	0
2	0
0	0
0	0
0	15
307	0
1	0
27	0
0	0
5	0
0	3
0	3
9	0
4	0
9	0
0	0
4	0
10	0
24	0
183	0
4	22
1	0
0	0
7	0
0	0
0	0
22	0
0	0
0	0
5	0
0	6
0	0
10	0
23	0
33	0
6	0
0	0
2	0
8	0
0	0
6	0
0	0
96	0
4	0
4	0
0	0
22	0
0	0
0	0
0	0
0	0
21	0
0	0
39	0
0	0
0	0
0	0
6	0
9	0
0	0
0	0
33	0
17	0
2	0
61	0
5	0
14	5
0	0
0	0
33	0
11	0
0	4
171	0
18	0
0	0
0	29
0	29
0	0
10	0
0	0
0	0
2	0
16	4
0	0
0	0
38	0
15	0
0	5
0	5
106	0
72	0
23	0
0	0
5	0
5	0
8	0
7	0
27	0
4	0
4	0
3	0
30	0
6	0
0	0
51	0
38	0
4	0
23	0
0	1
0	1
11	0
10	0
13	0
0	0
0	0
0	0
0	0
5	0
6	0
0	0
14	0
4	0
36	0
0	0
0	0
0	0
868	1
0	7
0	38
0	38
0	0
0	0
10	0
3	16
0	0
0	3
0	0
0	7
0	0
0	0
0	0
0	0
6	0
0	0
0	0
6	0
3	0
10	5
0	6
0	0
0	0
3	18
0	18
0	0
3	0
0	0
0	8
0	8
3	0
0	1
0	0
17	0
0	0
0	0
0	0
0	13
0	13
0	0
0	0
6	0
0	0
0	0
19	0
49	0
0	0
8	0
0	0
0	0
0	0
0	0
0	0
15	0
0	0
4	0
0	0
0	0
3	0
5	0
0	0
0	0
30	0
25	0
0	0
0	0
0	0
0	0
0	0
0	0
0	0
0	0
9	0
0	0
0	0
0	4
0	4
0	0
0	0
3	0
0	5
0	0
10	0
0	0
0	0
34	0
0	0
16	0
0	0
0	0
0	0
0	0
10	0
0	0
4	0
0	6
21	0
3	3
0	0
3	0
8	0
12	0
0	0
0	13
0	13
5	0
0	0
0	0
0	0
0	0
0	0
16	0
0	1
0	0
4	0
0	0
0	0
0	0
11	0
23	0
0	0
13	0
14	0
7	0
0	0
6	0
0	0
0	0
0	0
0	0
13	0
0	0
0	0
4	0
0	0
0	0
0	6
0	6
4	0
14	0
3	0
21	0
18	0
0	0
0	0
8	0
5	0
52	0
0	0
2	0
0	0
0	0
0	0
10	0
8	0
0	5
0	5
23	0
0	0
0	0
19	0
8	0
16	0
1	0
16	6
0	10
0	10
0	0
0	0
6	0
0	0
5	0
32	0
0	0
107	0
0	162
0	0
43	0
0	6
0	6
42	0
0	0
0	0
0	0
0	0
0	0
7	0
23	0
0	0
33	0
5	0
71	0
0	0
0	0
1	3
0	0
0	0
0	0
7	0
0	0
0	0
0	0
0	0
0	0
0	0
0	0
7	0
32	0
0	0
0	12
0	0
6	0
822	0
1	0
58	0
18	0
20	0
0	27
0	25
0	0
0	0
6	0
0	0
0	0
0	0
0	12
0	12
0	0
0	0
0	0
0	0
0	0
0	0
37	0
15	0
67	0
8	0
8	0
0	15
0	15
0	0
0	0
6	0
7	0
0	0
0	5
4	28
12	0
1	0
4	0
0	0
0	0
0	0
3	0
1	0
0	0
0	0
0	9
0	9
0	0
0	0
0	0
0	0
7	0
9	0
5	0
0	0
0	0
21	0
1	0
4	0
0	0
4	0
0	0
7	0
0	0
3	0
6	0
7	0
0	14
0	14
0	14
2	0
0	31
0	25
0	25
9	25
1	0
8	0
1	0
105	0
113	0
13	0
1	0
8	0
7	0
0	0
0	6
0	6
2	0
0	0
0	0
34	0
3	0
0	7
2	0
11	0
0	0
6	0
28	0
3	28
0	28
0	0
0	0
0	0
30	0
6	0
0	0
0	0
23	0
17	0
0	0
0	0
0	0
0	0
3	0
10	0
17	0
30	0
0	0
237	0
0	0
0	0
0	0
1	0
8	0
0	0
0	0
0	0
43	0
0	0
70	0
7	0
0	0
0	3
0	3
5	0
0	0
0	14
0	14
0	14
15	0
0	0
0	0
4	0
0	33
0	33
0	0
45	0
23	0
0	0
0	0
0	0
7	0
0	0
5	0
0	0
0	0
28	0
33	0
0	0
14	0
0	0
9	0
0	4
0	4
0	0
0	0
6	0
0	0
0	0
25	0
0	0
6	0
0	24
0	24
19	0
0	0
4	0
0	0
4	0
0	0
6	0
0	0
0	0
0	0
8	0
0	0
13	0
2	0
0	0
0	0
8	0
0	0
32	0
0	0
2	0
0	0
46	0
0	13
0	13
9	8
0	8
0	0
0	0
11	0
0	8
0	0
11	0
0	0
2	0
7	0
13	0
0	0
7	0
0	0
0	0
3	0
36	0
0	6
13	0
0	0
25	0
2	0
11	0
0	0
0	0
5	0
26	0
0	0
3	4
0	4
9	0
2	0
6	7
167	0
0	0
5	0
0	0
0	0
0	0
6	0
0	0
107	0
0	0
5	0
11	0
7	0
0	0
2	0
6	0
16	0
6	0
0	0
6	0
7	0
1	0
8	0
0	0
35	0
0	0
0	0
0	0
15	0
22	0
0	0
6	0
7	0
0	0
0	0
0	0
0	0
0	0
4	0
59	0
3	0
0	0
0	0
2	0
4	0
2	0
0	0
0	12
2	0
0	0
0	0
0	0
0	0
0	0
0	0
0	0
0	0
4	0
0	0
0	0
0	0
0	2
0	2
0	0
4	0
20	0
16	0
0	0
206	0
0	0
0	0
6	0
0	0
0	0
0	0
34	0
0	0
0	0
0	0
2	0
5	0
607	0
0	0
3	18
0	18
0	0
28	0
0	0
0	5
0	5
10	0
0	0
0	0
0	0
0	0
21	0
0	0
13	0
0	0
6	0
27	0
6	0
0	0
0	0
4	0
0	20
0	20
3	0
0	0
0	0
0	0
16	0
4	0
0	0
0	0
24	0
7	0
27	0
6	0
3	0
0	0
51	0
16	0
12	0
11	0
4	0
0	0
48	1
0	0
0	0
0	0
2	0
0	0
25	0
23	0
7	0
0	0
0	0
0	0
0	0
22	0
15	0
0	0
0	0
0	0
8	0
0	0
0	0
0	0
0	0
0	0
2	0
7	0
0	0
0	0
4	0
3	0
19	0
14	0
0	0
0	19
0	19
10	0
0	0
0	6
0	0
0	0
3	0
0	0
32	0
3	0
0	0
0	0
7	0
0	0
6	0
0	0
0	0
0	0
2	0
17	0
67	0
0	0
0	0
5	0
12	0
0	3
0	3
9	0
19	0
0	0
14	0
0	0
2	0
0	0
7	0
3	0
0	0
0	5
0	5
0	2
0	2
26	0
46	0
0	0
0	0
0	0
3	0
55	0
0	0
0	0
10	0
0	0
23	0
0	0
23	0
13	0
0	0
0	0
0	0
0	0
15	0
0	0
0	0
0	0
0	0
7	0
5	0
0	0
0	0
0	0
43	0
8	1
0	0
0	0
0	1
4	0
23	0
1	0
0	4
0	4
0	4
15	0
0	0
0	0
0	0
7	0
10	0
0	0
0	0
42	0
0	0
0	0
0	0
0	0
47	0
0	0
0	2
0	2
0	0
7	0
18	0
0	0
0	0
0	0
10	0
0	0
0	0
9	0
0	61
14	0
1	0
36	0
9	0
0	69
2	14
0	69
23	0
6	0
14	0
21	0
6	0
0	14
0	0
0	0
6	0
0	0
73	0
8	0
5	0
14	0
0	0
0	0
941	0
0	0
5	0
6	0
1	0
12	0
6	0
0	0
6	0
0	7
0	7
0	4
0	4
0	0
0	4
47	0
0	0
3	0
2	0
0	0
14	0
27	0
0	0
0	0
0	0
0	0
3	0
2	0
10	0
0	0
18	0
60	0
6	0
5	0
6	0
0	0
0	0
36	0
0	0
54	0
6	0
1	0
5	0
0	0
0	0
0	0
0	0
0	0
0	0
0	0
6	3
0	0
0	0
13	0
27	0
56	0
6	16
0	0
0	0
0	0
0	0
0	0
0	0
6	0
0	0
11	0
2	0
0	0
0	0
0	0
0	0
8	0
5	0
0	0
0	0
0	0
0	0
4	0
15	0
2	0
0	0
0	129
0	129
0	0
41	0
0	0
0	0
0	0
0	0
0	0
0	0
4	0
0	0
0	0
0	0
0	0
2	0
0	0
7	4
1	0
0	0
1	0
0	0
0	0
60	0
1	0
0	0
0	0
1	0
0	0
7	0
0	0
0	28
0	28
5	0
0	0
3	0
15	0
1	0
0	0
9	0
0	0
0	6
8	0
61	0
10	0
49	0
16	0
10	0
0	18
0	18
0	0
0	0
0	0
0	0
0	0
0	0
54	0
99	0
0	34
0	34
1	0
1	0
0	0
0	0
0	0
4	0
9	0
0	0
5	0
0	4
0	4
0	0
22	0
0	0
11	0
0	0
0	0
9	0
2	0
0	1
0	0
0	0
4	1
0	1
0	1
24	0
10	0
42	0
0	0
0	0
23	0
3	0
0	48
0	48
70	0
26	0
0	0
0	0
0	0
4	0
8	0
78	0
0	12
0	12
133	0
0	0
164	0
0	0
0	0
6	0
1	95
0	0
2	0
0	0
0	0
0	0
7	0
89	0
3	0
0	0
0	0
0	0
4	0
2	0
0	0
27	0
0	0
0	0
36	0
0	0
0	0
1	0
0	0
0	0
0	0
3	0
10	0
0	0
13	0
3	0
2	0
0	0
92	0
18	0
0	2
0	0
0	0
0	0
0	0
3	0
4	0
9	0
0	34
0	34
0	34
0	10
0	10
0	3
0	0
1	0
6	0
8	0
0	0
0	0
8	0
9	0
18	0
0	0
0	0
0	0
0	0
0	0
0	0
0	16
0	16
0	0
0	0
0	1
0	0
0	4
0	0
0	0
0	0
2	5
0	0
0	68
0	0
0	0
0	43
0	18
0	0
0	15
8	0
10	0
0	0
6	0
0	0
0	0
0	0
5	0
11	0
0	0
0	0
0	0
6	0
0	0
10	0
2	0
0	0
0	17
0	0
0	0
4	0
3	0
9	0
0	0
0	0
0	0
14	0
0	0
0	33
0	33
0	31
0	33
1	0
0	8
0	8
0	0
0	0
0	0
0	11
0	8
0	11
0	0
0	0
0	0
0	0
9	0
0	12
0	12
0	0
0	12
0	12
0	0
0	0
0	4
0	4
0	19
0	19
0	0
0	0
0	0
0	17
0	0
0	1
0	0
0	0
0	8
0	0
37	0
0	0
0	0
20	0
0	0
0	0
0	0
0	0
0	0
0	0
0	0
0	0
5	0
0	1
7	0
0	1
3	0
4	0
9	0
0	12
0	12
0	12
0	0
0	0
0	0
2	0
0	0
0	6
6	0
61	0
0	0
0	0
0	0
12	0
0	4
0	4
0	591
0	591
20	0
0	0
11	0
6	0
0	2
5	0
16	0
13	0
10	0
0	0
0	0
22	40
0	51
0	40
34	0
3	0
0	0
6	0
5	0
0	0
0	0
80	0
0	0
0	0
39	0
24	0
0	0
7	0
0	0
28	0
0	0
2	0
0	37
0	33
0	0
0	0
6	55
23	0
11	0
0	0
8	0
0	0
0	0
65	0
8	0
1	0
9	0
0	0
4	0
6	0
11	0
0	73
0	73
0	0
9	0
7	0
0	0
0	0
0	0
1	0
0	0
0	0
18	0
0	0
0	0
0	0
0	0
32	0
15	0
28	0
0	4
0	0
0	0
4	0
8	0
62	0
8	0
0	0
0	0
4	0
0	0
49	0
0	0
1	0
50	0
6	0
21	0
0	0
69	0
0	0
0	0
13	0
0	5
0	8
0	0
6	8
8	0
0	8
0	0
2	0
4	0
4	0
24	0
11	0
2	0
603	0
14	0
4	0
0	0
1	0
0	0
0	0
3	0
0	0
0	0
0	0
0	0
0	0
32	0
17	0
0	0
59	0
5	0
8	0
6	0
0	0
0	0
0	0
4	0
10	5
0	0
0	0
9	0
0	13
4	46
0	46
0	8
29	0
7	0
2	0
20	0
10	0
23	0
0	0
7	0
0	0
7	0
3	0
5	0
37	0
0	0
1	0
0	0
9	5
1	0
0	0
19	0
4	0
16	0
4	0
0	0
7	0
8	0
16	0
0	0
0	0
9	0
0	0
8	0
0	0
0	0
21	0
12	0
10	0
0	0
0	0
0	0
0	0
0	0
16	0
0	0
7	0
1	0
7	0
10	0
26	0
2	0
7	0
0	0
13	0
7	0
0	0
0	0
1	3
14	0
0	0
8	0
0	0
9	0
14	0
0	0
5	0
0	8
0	8
0	0
85	0
4	0
7	0
0	0
0	0
0	0
0	0
0	0
2	0
0	0
13	0
13	0
0	0
4	0
29	0
11	0
27	0
13	0
0	0
0	0
0	0
8	0
7	0
2	0
0	0
0	0
5	0
0	2
0	2
1	0
0	0
0	0
17	0
34	0
0	0
0	0
0	0
0	0
0	0
4	0
0	0
1	0
33	0
23	0
16	0
0	0
0	0
0	0
0	0
1	0
8	0
0	0
4	1
3	0
57	0
18	0
0	0
1	513
0	513
3	0
0	0
0	0
25	0
31	0
26	0
11	0
0	0
0	0
0	0
0	0
0	0
0	0
0	0
0	0
0	0
0	0
0	0
0	0
4	0
17	0
0	0
5	0
0	0
8	0
0	0
0	0
0	0
1	0
0	0
32	0
50	0
16	0
0	0
12	0
10	0
0	6
0	6
126	0
0	0
16	0
17	0
0	0
0	1
0	1
0	0
0	42
0	42
0	0
0	0
0	0
0	0
0	0
0	0
3	0
28	0
9	0
4	0
0	0
0	0
17	0
2	1
23	0
2	353
0	353
4	0
0	1
0	0
8	0
48	0
68	0
0	0
0	0
5	0
6	0
0	0
36	0
0	0
0	0
0	0
0	0
0	0
27	0
13	0
0	0
0	0
1	0
22	0
0	37
0	37
0	37
0	37
0	0
0	0
0	0
0	0
0	0
103	19
0	0
0	0
0	0
0	0
0	0
0	0
0	5
0	0
0	6
1	0
0	0
0	0
0	0
0	0
16	0
169	0
27	0
29	0
4	0
4	0
0	0
2	0
0	0
0	0
30	0
141	0
0	0
3	0
0	0
8	0
29	0
0	0
18	0
0	0
0	0
3	0
0	0
40	0
12	0
10	0
3	0
17	0
2	0
0	0
0	0
0	0
0	0
53	0
5	0
0	0
0	0
0	0
2	0
0	12
0	12
11	0
3	0
0	7
0	7
10	0
1	0
9	0
5	0
0	0
0	96
0	96
8	0
14	0
5	0
2	0
0	0
1394	1
8	0
0	0
13	0
9	0
11	0
2	0
0	0
6	0
0	0
203	16
88	0
92	0
6	0
19	0
36	0
0	0
0	0
0	3
0	3
15	0
0	0
17	0
17	0
4	0
158	0
0	0
16	0
0	0
0	0
15	0
7	0
0	0
10	0
0	0
8	0
10	0
12	0
0	0
0	0
55	0
0	0
0	0
5	0
0	0
0	0
0	0
5	0
2	0
5	0
0	0
1	0
2	0
106	0
7	0
0	0
6	0
16	0
0	0
0	0
6	0
6	3
0	0
0	0
0	0
0	0
0	0
2	0
10	0
1	0
0	0
9	0
10	0
0	0
0	0
0	0
11	0
0	8
0	8
1	0
0	0
3	0
0	0
0	0
0	0
0	0
0	0
58	0
0	0
0	0
0	0
0	0
3	0
0	1
95	0
2	0
5	5
0	0
0	0
0	0
44	0
925	0
12	0
19	0
12	0
59	0
20	0
2	0
28	0
37	0
43	0
0	0
12	0
0	0
4	0
2	0
22	0
0	0
28	0
0	0
0	15
0	15
0	15
7	0
19	0
16	12
0	0
0	6
0	0
6	0
0	0
0	0
0	0
0	0
0	0
130	0
15	0
0	0
7	0
0	0
0	0
10	0
10	0
30	0
0	0
0	0
0	0
0	27
0	0
0	0
0	0
1	0
0	0
0	0
0	0
0	0
10	0
5	0
1	0
30	0
3	0
46	0
0	0
0	0
0	0
5	0
0	0
0	0
0	0
0	0
0	0
1	0
0	0
0	0
7	0
115	0
0	0
9	0
0	0
446	0
353	1
0	0
5	0
7	0
1	0
9	0
7	0
0	0
0	0
0	0
0	0
1	0
22	0
0	0
11	0
0	0
0	0
0	0
0	0
4	15
0	0
1	0
0	0
22	0
0	0
0	0
0	0
0	3
0	3
0	0
0	0
5	0
6	0
0	0
0	0
11	0
0	0
0	0
0	30
0	0
0	0
0	36
0	0
0	0
0	0
0	0
0	0
0	0
0	0
0	0
0	0
0	0
0	0
0	0
0	0
0	0
4	0
0	0
0	0
0	0
0	0
0	0
0	0
1	0
8	0
17	0
296	0
0	0
0	9
0	0
6	7
0	0
0	0
36	0
0	0
0	2
0	2
8	0
16	0
9	0
7	0
4	0
3	0
0	0
0	0
0	0
30	0
21	0
0	0
7	0
13	0
30	0
0	0
0	0
0	0
0	0
0	0
0	0
5	0
0	0
2	5
0	0
83	0
9	0
0	0
3	0
4	0
0	18
0	18
0	1
0	1
0	0
0	0
0	0
0	0
0	0
0	0
0	0
0	0
0	0
0	0
9	0
0	0
4	0
14	0
6	0
3	0
7	0
0	0
0	0
0	0
0	0
0	0
0	0
0	0
98	0
0	0
48	0
0	0
0	0
0	0
0	0
0	0
0	0
0	0
0	0
0	6
7	0
5	0
0	3
0	3
8	0
36	0
0	0
8	0
0	3
0	3
0	3
6	0
1	0
0	0
8	0
0	0
0	10
0	10
9	0
0	0
5	0
409	0
0	0
0	0
4	0
13	0
0	0
0	0
0	0
12	0
0	0
0	0
0	0
0	0
12	187
6	0
13	0
3	0
17	0
0	0
1	0
5	0
0	0
0	0
15	0
0	0
8	0
0	5
0	5
2	0
0	0
0	0
29	0
9	0
0	0
8	0
26	0
0	0
0	0
0	0
0	0
9	0
0	0
0	0
35	0
0	0
0	0
0	13
0	13
0	10
51	0
2	0
4	0
0	0
0	0
0	0
0	0
6	0
0	0
0	5
0	2
0	2
2	0
8	5
43	0
42	0
0	0
3	0
0	0
0	0
1	0
0	0
0	0
0	0
0	0
47	0
0	0
0	0
6	0
0	0
10	0
0	0
0	631
0	631
0	30
0	30
0	0
125	0
0	0
0	0
0	0
0	0
9	0
0	0
0	0
0	0
6	0
0	0
23	0
8	0
35	0
0	0
79	0
0	0
1	0
0	0
10	0
0	58
0	0
0	0
0	0
0	111
0	107
0	0
6	0
26	5
8	0
32	0
0	0
0	0
0	0
37	0
9	0
5	0
0	0
3	0
0	0
4	0
9	0
0	0
0	0
16	0
0	0
14	0
0	0
0	0
12	0
0	0
0	0
0	0
7	0
0	3
5	0
0	41
4	0
0	0
8	9
34	1
30	1
0	10
0	10
0	0
0	0
0	0
23	0
56	0
0	0
19	0
0	0
0	0
0	0
31	0
0	11
10	0
3	0
46	0
0	0
0	0
0	0
21	0
0	0
13	0
0	0
0	0
0	0
0	0
3	0
19	0
0	0
0	0
2	0
0	0
0	0
0	0
0	0
0	0
0	0
47	0
0	0
0	0
0	0
0	0
302	2
0	0
7	0
0	0
0	0
0	0
0	0
0	8
8	8
6	0
65	0
10	0
8	9
6	0
2	0
0	0
20	0
0	0
3	0
118	0
15	0
25	0
10	0
18	0
0	0
0	0
3	0
7	0
4	0
0	0
9	0
0	0
0	0
0	0
0	0
0	59
0	0
0	0
0	0
15	0
0	0
3	0
0	0
0	6
0	6
4	0
3	0
0	0
0	0
4	0
0	0
0	0
0	8
0	8
0	0
14	0
0	0
0	0
0	19
0	19
0	0
0	0
5	0
0	0
0	0
7	0
0	0
3	0
21	0
171	0
8	0
9	0
1	0
0	1
6	0
21	0
0	0
5	0
9	0
22	0
7	0
27	0
6	0
0	0
0	0
7	0
0	0
0	0
11	0
0	0
0	0
0	0
0	0
5	0
11	0
0	0
0	22
0	22
2	0
13	0
0	0
0	0
65	0
51	0
4	0
0	0
0	0
5	0
28	0
4	0
40	0
9	0
4	0
39	0
4	0
6	0
9	0
6	0
11	0
112	0
9	0
0	0
98	0
0	0
0	0
0	0
11	0
10	0
0	0
0	0
0	0
6	0
21	0
0	3
0	3
40	0
0	10
0	0
0	10
64	0
4	0
0	0
0	0
0	0
0	0
10	0
45	133
3	133
7	0
65	0
12	0
10	0
0	0
0	0
0	0
0	5
1	5
0	1
0	1
0	1
0	0
0	0
4	0
5	0
18	0
0	1
0	1
0	0
0	0
32	0
17	0
0	0
7	0
0	0
1382	0
12	0
0	0
0	0
0	0
18	0
34	0
0	5
0	5
28	0
1	0
0	0
8	0
0	7
0	7
7	0
0	0
0	0
8	0
10	0
0	0
35	0
14	0
0	0
0	0
0	0
0	0
0	0
0	0
18	0
0	0
0	11
0	11
0	11
0	0
0	0
0	0
11	0
0	25
0	25
15	0
0	0
0	0
5	0
0	0
0	1
0	0
53	0
17	0
0	7
5	0
16	0
0	0
15	0
1	0
2	0
6	0
0	0
0	0
30	0
0	0
0	11
0	11
0	11
21	0
3	0
2	0
6	0
5	0
0	0
7	3
11	0
0	0
3	0
0	0
0	0
0	5
0	5
0	8
0	8
4	0
0	0
6	0
0	3
0	3
0	3
0	0
0	22
5	0
0	0
27	3
0	0
0	0
0	0
4	0
0	0
59	0
2	22
0	22
0	7
0	7
38	0
0	0
13	0
41	0
0	0
115	0
19	0
49	0
3	0
97	0
8	0
13	0
0	0
0	0
56	0
11	0
9	0
16	0
17	0
1	21
0	7
21	0
19	0
20	0
5	9
9	2
6	0
4	0
0	0
0	0
0	0
0	0
0	15
0	15
0	0
10	0
51	0
0	0
61	0
0	0
3	0
0	4
0	4
0	0
0	0
0	0
0	0
11	0
0	0
5	0
6	0
4	0
0	0
0	8
0	0
0	0
130	2
23	0
5	0
0	0
0	0
0	0
0	0
0	0
0	0
0	0
0	11
0	11
4	0
2	0
4	0
0	0
3	0
0	0
0	0
0	0
59	0
0	0
0	0
909	9
42	0
0	0
4	0
18	0
0	8
27	0
9	0
0	0
0	0
0	0
0	0
0	0
0	8
0	8
0	8
4	0
0	29
0	29
5	0
94	0
25	0
0	0
52	0
0	0
12	0
29	0
9	0
6	0
7	0
1	0
41	0
10	0
8	0
0	0
16	0
0	0
0	0
3	0
2	0
0	0
10	0
8	0
0	0
4	0
0	0
2	0
8	0
43	0
0	0
41	0
0	6
0	6
59	19
11	0
18	0
0	0
2	0
13	0
20	2
1	0
0	0
7	0
0	21
0	21
0	0
0	0
0	7
0	0
0	7
0	0
0	0
11	0
0	0
0	0
1	0
0	0
3	0
8	60
0	0
0	0
0	1
0	0
0	0
0	0
0	0
0	0
0	0
0	0
26	60
0	0
0	0
0	0
0	0
0	0
0	0
0	0
0	0
0	0
0	0
0	0
0	0
0	0
0	0
0	0
0	0
0	0
0	0
0	0
0	0
0	0
0	0
0	0
0	0
3	0
1	0
0	0
0	28
0	0
0	0
4	0
0	0
0	0
0	0
14	0
21	0
0	0
2	0
0	0
7	0
5	7
0	0
21	0
0	0
0	0
0	0
0	7
0	7
33	0
0	0
10	0
1	0
0	0
0	0
15	0
3	0
4	0
0	0
0	0
0	0
0	4
0	0
5	11
0	0
1	15
0	162
0	0
0	0
17	0
0	0
0	0
0	0
6	0
68	0
0	33
0	33
1	0
17	0
4	0
5	2
0	0
0	0
0	0
0	0
10	0
0	0
0	0
0	0
0	0
0	0
0	0
0	0
0	0
0	0
0	0
0	0
0	0
0	0
191	0
2	0
0	0
5	0
5	0
7	0
0	0
6	0
247	0
0	0
154	0
0	0
0	0
0	0
282	1
3	0
0	0
0	0
0	0
8	0
9	0
31	0
0	0
0	0
39	0
5	0
0	0
20	0
0	0
7	0
0	0
0	0
0	0
0	1
0	1
0	0
0	0
0	0
0	0
0	0
0	0
18	0
44	0
0	34
0	34
1227	1
38	0
1	0
26	0
0	0
0	0
11	0
11	0
14	0
0	0
0	0
0	0
25	0
0	0
0	0
0	0
0	0
5	0
4	0
0	0
4	0
9	0
54	0
151	0
0	1
0	1
26	0
0	0
61	0
0	0
25	0
9	0
0	0
0	0
13	1
2	0
28	0
0	7
2	0
14	0
0	0
0	0
0	0
0	0
12	0
3	0
4	0
26	0
0	0
716	1
16	0
0	0
0	10
0	0
0	1
9	0
9	12
0	0
0	0
237	0
9	0
1	0
0	0
13	0
21	0
12	0
30	0
0	0
16	0
0	0
12	0
24	0
14	0
0	0
0	0
0	0
14	0
10	0
1	0
14	0
6	0
0	0
0	0
0	0
12	0
153	0
0	0
0	0
6	0
47	0
0	0
0	0
2	0
0	0
0	0
2	0
0	4
0	0
50	0
0	0
46	0
0	0
9	0
1046	107
4	0
10	0
0	0
4	0
3	0
0	0
6	0
0	0
0	0
15	0
0	0
37	0
12	0
11	0
0	0
7	0
89	0
4	0
81	0
59	0
5	0
9	0
0	0
8	0
0	0
0	0
0	0
0	0
0	0
0	0
0	0
0	0
0	0
0	0
0	0
0	0
0	0
0	0
0	0
0	0
0	0
0	0
0	0
4	0
0	3
0	3
0	0
14	0
84	0
5	0
1	0
0	0
0	0
4	0
15	0
10	0
0	0
0	0
64	0
0	0
8	0
0	0
0	0
0	0
0	0
0	0
7	0
0	0
0	0
0	0
0	0
2	0
24	0
0	1
6	0
1	0
0	0
0	0
4	0
33	0
0	0
4	0
17	0
6	2
0	0
0	0
25	0
6	0
0	26
0	26
13	0
3	0
22	0
0	8
0	8
10	0
1	0
0	0
0	0
0	0
0	0
5	0
16	0
0	0
0	0
0	0
0	0
0	0
3	0
7	0
0	0
0	0
131	0
0	0
0	0
6	0
10	0
19	0
0	0
0	0
0	0
0	0
0	0
0	0
0	0
61	0
0	0
0	0
0	12
0	12
0	0
5	0
0	0
3	0
0	0
48	0
0	17
0	17
0	0
0	0
12	0
0	0
42	0
6	0
0	0
0	0
0	0
0	0
0	0
65	0
0	0
0	0
15	0
12	0
10	0
0	0
6	0
11	0
56	0
0	0
8	0
0	0
14	0
8	0
16	0
2	0
0	0
9	0
0	0
2	0
0	0
18	3
19	3
7	10
43	0
0	0
0	0
0	0
0	0
0	0
0	0
0	0
0	0
0	0
0	0
0	0
0	0
3	0
6	0
9	0
0	13
0	13
0	7
0	7
14	0
0	26
3	26
3	0
5	0
73	0
3	0
5	0
6	0
69	0
4	0
0	0
0	0
15	0
0	0
4	0
2	0
0	16
648	0
0	0
0	0
7	0
1242	0
112	0
88	0
558	4
38	0
0	0
0	0
0	0
10	0
0	0
8	0
3	0
0	0
7	0
2	0
0	21
0	21
6	0
490	0
0	0
81	0
22	0
22	0
0	0
0	0
0	0
0	0
0	0
0	0
0	0
0	0
0	0
0	0
0	0
14	0
0	0
16	0
4	0
7	0
12	0
0	0
0	0
0	0
0	0
0	0
0	0
0	0
8	0
38	0
133	0
13	0
0	0
0	0
3	0
34	0
1	0
10	0
12	0
9	0
30	0
12	0
0	0
0	0
0	0
0	0
0	0
0	0
23	0
0	0
0	8
0	8
0	0
0	0
0	109
0	109
0	0
0	113
0	113
0	4
0	0
0	102
0	4
0	4
0	0
0	0
0	0
0	0
0	0
0	0
0	0
0	0
0	0
0	0
0	0
0	0
0	0
0	0
0	0
0	0
15	0
0	0
0	0
10	0
0	0
0	0
14	0
0	0
14	0
0	0
13	0
0	0
0	0
0	0
0	0
7	0
27	0
0	0
0	0
0	0
0	0
0	0
0	0
0	0
0	0
0	0
0	0
0	0
10	0
10	0
0	0
28	1
2	0
17	0
16	0
0	0
0	0
0	46
0	46
0	0
0	0
16	0
0	0
0	0
0	7
0	0
0	0
27	0
7	0
1	0
0	2
0	2
0	2
9	0
0	8
0	8
4	0
36	0
0	0
0	0
40	0
0	0
3	0
4	0
17	0
17	0
0	0
0	0
0	0
450	0
0	0
14	0
0	0
5	0
29	0
0	0
14	0
24	0
6	0
3	0
11	0
0	0
30	0
0	11
3	0
0	0
36	0
0	0
6	0
8	0
2	0
0	0
144	0
5	0
1	0
191	0
55	0
0	0
0	0
0	0
18	0
0	0
0	0
19	0
0	0
24	0
0	0
0	0
0	7
0	0
0	0
4	0
7	0
0	0
0	0
0	1
0	1
0	0
4	34
16	0
105	0
0	0
0	10
0	10
22	0
9	0
1	0
5	0
0	0
0	0
1	0
18	0
12	0
10	0
4	0
2	0
20	0
0	0
3	0
8	0
30	0
16	0
8	0
0	5
0	0
0	16
0	16
96	0
32	0
1	0
459	0
3	0
17	0
5	0
0	0
0	0
3	0
2	0
2	0
702	0
2	15
0	0
5	0
0	0
0	0
5	0
0	0
0	0
0	0
0	0
0	182
0	0
0	0
0	0
15	0
0	0
78	0
0	40
1	40
0	0
0	0
0	0
27	3
5	0
0	0
2	0
21	0
0	0
0	0
0	0
0	0
0	0
3	0
27	0
0	0
6	0
19	0
26	0
14	0
0	0
0	0
5	0
0	0
0	0
12	0
3	0
5	0
0	0
0	0
0	0
0	0
7	0
28	0
13	0
0	0
0	0
0	3
0	0
0	0
0	0
0	0
0	0
0	0
0	0
0	0
0	8
0	0
0	0
0	0
0	0
0	0
0	0
0	0
0	0
0	0
1	3
0	1
0	1
0	5
0	0
0	0
0	0
0	6
4	0
0	0
47	0
0	0
0	0
0	0
7	0
27	0
7	0
3	0
0	0
8	0
2	0
4	0
0	0
42	0
27	0
0	0
0	0
0	0
20	0
0	0
9	0
20	0
3	0
0	0
5	0
0	0
0	0
20	0
0	0
4	0
20	0
0	0
0	0
0	0
0	0
0	0
9	0
11	0
12	0
0	0
0	0
0	6
0	6
0	6
15	1
10	0
0	0
2	0
0	0
0	0
16	0
7	0
0	0
0	0
0	0
1	0
0	13
0	13
0	0
0	0
41	0
6	0
0	0
17	0
29	0
0	14
0	14
0	14
17	0
0	0
7	0
36	0
0	0
4	0
3	0
0	0
0	0
9	0
3	0
0	0
4	0
4	0
0	0
0	214
0	214
0	0
3	0
12	0
0	0
0	0
12	0
12	0
8	0
0	0
0	52
0	52
0	0
0	0
7	0
53	0
0	0
0	0
37	0
0	0
0	0
0	0
415	2
0	0
0	0
19	0
0	0
6	0
438	0
0	0
0	0
54	0
5	0
0	0
0	0
1065	1
5	0
6	0
24	0
6	0
0	0
0	0
17	0
0	0
0	0
6	0
0	0
0	14
0	14
6	0
17	0
0	0
0	0
0	0
7	0
226	154
0	0
11	0
17	0
0	0
1	0
0	9
205	98
18	0
40	0
0	0
6	0
7	0
4	0
14	0
59	0
5	0
12	0
0	0
25	0
0	0
0	5
0	5
0	68
0	68
0	0
6	0
4	0
0	0
9	0
13	0
1386	160
0	0
0	0
0	0
36	0
0	0
0	0
0	0
0	0
0	0
1	0
1	0
0	0
5	0
0	4
0	4
0	0
0	0
0	0
3	0
14	0
0	0
0	0
0	0
0	0
32	0
2	0
0	6
1	0
0	0
1	0
13	0
3	0
0	0
11	0
0	0
0	0
26	0
9	0
7	0
0	0
0	0
0	0
0	0
0	0
0	3
0	3
3	0
0	0
0	0
11	0
10	0
10	0
2	0
11	0
49	0
0	0
0	0
54	0
0	12
0	12
0	0
18	0
0	0
0	0
0	0
5	0
0	0
0	0
8	0
6	0
0	0
9	0
0	0
36	0
9	0
62	0
10	0
17	0
2	0
0	7
0	5
3	0
3	0
0	0
16	0
29	0
7	0
0	0
0	0
9	0
0	0
0	0
0	5
0	0
20	0
253	0
1	0
0	0
14	0
22	0
6	0
11	0
0	0
8	0
2	0
0	0
3	0
11	0
0	0
4	0
0	0
0	0
0	0
0	0
3	0
9	0
0	0
0	0
4	0
8	0
15	0
860	2
0	3
0	3
0	0
4	0
0	0
7	0
6	0
0	0
7	0
8	0
0	0
17	0
0	0
0	0
10	0
18	0
5	0
4	0
0	4
0	4
0	4
18	0
0	0
9	0
3	0
8	0
0	0
0	0
0	0
0	24
24	0
0	0
0	33
10	0
11	0
0	0
0	17
0	17
0	17
55	0
0	0
11	0
12	0
0	0
22	0
0	0
6	0
8	0
0	0
2	0
2	0
11	1
16	0
0	0
17	0
4	0
0	0
0	0
0	0
0	0
0	0
61	0
0	0
30	0
0	28
0	28
0	0
60	0
0	0
109	0
7	0
25	0
0	0
0	0
7	0
0	0
0	0
0	0
11	0
0	0
0	0
0	0
0	0
28	0
27	0
23	0
0	0
1	0
33	0
0	0
0	0
83	0
0	0
4	0
0	0
2	0
25	0
0	0
0	0
0	16
0	0
19	0
24	0
0	0
15	0
6	0
3	0
21	0
0	0
0	0
0	0
4	0
0	0
0	0
10	0
9	0
0	6
0	6
0	0
2	0
0	0
0	0
0	0
2	0
5	0
2	0
0	14
8	4
0	0
0	0
4	0
36	0
0	0
0	0
0	0
7	0
9	0
0	0
0	0
0	0
0	0
3	0
2	0
0	0
0	0
0	0
0	0
11	0
0	0
3	0
5	0
0	0
0	3
0	3
0	1
0	0
19	0
0	0
3	0
0	0
0	0
0	0
0	0
0	0
0	0
0	0
55	0
0	0
0	0
0	0
0	0
0	0
15	0
0	0
46	49
74	495
0	0
15	0
0	0
0	0
0	0
535	0
3	0
32	0
0	10
0	10
0	0
0	0
10	0
1	0
0	0
14	0
75	0
14	0
4	0
4	0
0	0
18	0
15	0
13	0
0	0
0	0
0	0
0	0
0	0
32	0
7	0
0	0
6	0
0	0
9	0
0	0
13	1
0	14
14	0
9	0
0	0
0	22
0	13
5	0
0	0
6	0
17	0
5	0
0	9
0	0
0	9
0	0
0	0
1	0
0	0
0	0
1	0
27	0
53	0
40	0
2	0
4	0
1	0
0	0
1	0
0	0
21	0
0	0
0	14
0	1
0	0
0	14
4	63
0	13
0	0
0	0
7	0
4	0
3	0
3	0
0	0
5	0
0	0
0	0
0	0
0	0
0	0
6	0
0	0
0	0
0	0
0	26
0	26
37	0
0	0
1	0
0	0
0	0
0	0
0	0
0	0
0	0
0	27
0	27
0	27
0	0
0	5
0	0
0	6
0	3
0	7
0	0
18	0
8	0
31	0
5	0
13	0
10	0
7	0
34	0
2	0
8	0
14	0
20	0
4	0
0	0
0	0
0	0
0	0
6	0
9	0
11	0
0	0
13	0
0	4
0	0
0	0
5	0
2	0
3	0
0	0
0	0
0	0
20	0
3	0
15	0
0	0
13	0
7	0
0	0
53	0
72	0
14	0
9	0
68	0
7	0
5	0
23	0
0	0
2	0
12	0
8	0
0	0
0	0
0	0
0	3
12	0
0	0
5	0
4	0
0	0
0	0
0	0
0	0
2	0
0	0
0	0
0	0
0	0
0	0
2	0
0	0
4	0
11	0
3	0
0	0
0	0
0	0
0	0
9	0
0	10
0	0
0	10
0	0
0	0
0	0
0	0
11	0
0	0
0	12
0	12
11	0
6	0
0	0
0	0
126	0
14	0
27	0
0	0
0	0
20	0
29	0
0	3
0	3
19	0
0	0
3	0
0	0
11	0
0	0
7	0
0	0
2	0
0	0
58	0
168	0
0	0
0	0
20	0
0	0
0	0
22	0
110	1
2	0
30	0
0	3
0	3
6	0
7	0
8	0
6	0
4	0
0	0
0	0
4	0
0	0
6	0
0	0
382	0
0	0
0	0
2	6
0	8
0	8
8	0
60	0
0	83
0	83
5	0
1	0
0	0
16	0
32	0
9	0
52	0
83	0
6	0
17	0
5	0
4	0
0	0
10	0
21	0
0	0
0	14
0	14
19	0
0	0
0	0
0	0
0	0
0	0
0	0
0	0
0	15
0	15
5	0
3	0
13	0
8	0
19	0
0	0
0	0
49	0
0	0
2	0
0	0
0	0
0	0
36	0
0	0
0	0
0	0
0	0
0	0
0	0
0	0
0	252
0	252
73	0
0	0
0	0
0	0
65	0
2	0
1	0
0	0
0	0
1	0
13	0
0	0
28	0
0	0
0	0
2	0
12	0
3	0
0	0
38	0
0	0
0	0
20	0
84	0
15	0
0	0
0	0
0	0
0	31
0	0
0	0
0	0
0	0
0	0
2	0
0	0
13	0
0	0
0	3
0	0
0	0
0	0
0	0
0	0
0	0
0	0
0	0
0	0
0	2
0	0
0	11
0	0
0	0
6	23
0	77
0	77
5	0
4	0
15	0
15	0
122	0
0	0
0	0
0	0
0	0
74	0
0	0
0	9
0	9
74	0
0	0
0	0
0	0
4	0
17	0
0	0
0	0
0	0
12	0
10	0
12	0
16	0
20	0
6	5
0	0
0	0
20	0
0	0
4	0
0	0
0	187
0	0
0	0
0	0
4	0
440	0
9	0
0	0
0	0
7	0
0	0
0	18
0	3
7	0
104	0
25	0
0	0
0	0
0	0
6	0
0	0
6	0
0	0
0	11
0	11
0	0
6	0
1	0
0	0
0	0
5	0
0	16
0	16
0	0
0	0
0	0
22	0
0	0
0	0
0	0
0	0
3	0
8	0
0	0
4	0
4	0
8	0
0	0
6	0
12	0
0	0
10	0
0	0
5	0
0	0
2	0
0	0
15	0
0	0
12	0
10	0
16	0
0	0
0	0
0	0
133	19
5	9
0	0
0	0
0	0
43	0
5	0
494	1
5	0
0	0
0	0
0	0
12	0
0	0
1	0
0	0
0	342
8	342
9	0
18	0
0	0
0	0
3	17
0	0
40	0
0	0
0	0
634	0
0	57
0	57
0	0
0	0
5	0
0	59
0	0
0	75
0	0
0	111
0	0
0	0
16	0
16	0
5	0
0	0
0	0
0	0
0	0
18	0
16	0
0	0
3	0
1	0
12	0
9	0
0	0
1	0
181	14
1386	16
0	0
0	0
8	0
0	0
4	0
0	0
0	0
0	0
5	0
3	0
0	0
0	95
0	0
0	0
0	0
3	3
20	0
0	17
0	17
0	0
57	0
13	0
0	0
11	0
27	0
0	0
0	0
0	0
0	0
7	0
0	0
2	0
0	0
6	0
1	0
4	0
0	0
0	0
2	0
10	0
7	0
8	0
0	0
2	0
0	0
8	0
0	0
1	0
58	0
0	0
0	11
0	11
0	6
0	0
0	0
0	121
0	121
0	0
16	0
44	0
0	0
114	0
7	0
2	0
0	1
0	1
30	0
0	0
0	0
0	0
0	0
0	0
9	0
7	0
0	0
0	0
16	0
0	20
0	20
0	20
0	0
0	0
0	0
12	0
0	0
4	0
0	0
0	0
0	0
87	0
7	0
0	5
0	5
21	0
24	0
4	0
27	1
0	0
0	0
5	0
23	0
2	0
10	0
4	0
0	0
44	0
8	0
0	0
0	0
0	0
0	0
0	0
26	0
12	0
0	0
0	0
0	0
19	0
0	0
13	0
0	0
0	0
1	0
0	0
0	8
14	0
0	0
0	0
0	20
0	20
16	0
56	0
0	0
3	0
0	0
0	0
0	0
0	0
0	0
632	0
21	0
0	0
0	0
0	0
0	0
0	0
0	0
0	0
0	0
1	0
9	0
5	0
7	0
25	0
0	0
7	0
1	0
1	0
0	0
0	0
3	0
0	0
0	0
0	2
0	2
40	0
10	0
1	0
15	0
37	0
0	4
0	4
11	126
956	0
0	0
0	0
0	0
0	0
0	0
0	0
0	0
0	0
0	0
0	0
0	0
0	39
2	39
4	0
0	0
0	0
0	0
0	1
6	0
7	1
0	0
23	0
27	0
0	0
0	0
0	3
0	11
0	0
0	0
0	0
0	7
0	0
0	7
4	0
8	0
21	0
0	0
0	0
0	0
0	0
7	0
0	8
0	8
13	0
12	0
7	0
0	0
0	15
0	6
0	6
11	0
20	0
5	0
14	0
0	0
0	0
0	0
13	0
0	0
0	0
0	0
0	0
5	0
15	0
5	1
0	0
0	0
0	0
2	0
0	0
0	0
0	0
4	7
12	0
0	0
136	7
0	0
0	0
0	0
0	0
0	0
0	0
0	0
4	0
0	0
0	0
7	0
0	0
8	0
5	0
0	0
0	0
0	0
0	0
0	0
32	0
0	0
13	0
0	0
10	1
0	0
0	0
0	0
0	0
0	0
0	0
0	0
0	0
29	0
0	0
40	5
8	0
0	0
11	0
18	0
0	0
13	0
81	0
10	0
0	52
0	52
0	0
6	0
0	0
45	0
0	0
0	0
18	0
0	0
18	0
0	0
0	0
0	0
10	0
0	0
5	0
0	0
4	0
0	0
1	0
7	0
0	0
1	0
0	0
7	0
13	0
0	0
0	8
0	8
0	0
0	0
0	0
0	0
0	0
0	0
0	0
2	0
13	0
0	5
0	5
19	0
0	0
0	0
0	0
19	0
0	0
0	18
0	18
0	0
3	0
0	0
0	0
0	0
5	0
0	0
6	88
0	4
0	0
0	0
0	0
7	0
142	0
216	5
0	0
0	0
0	5
0	5
1	0
11	0
0	0
0	0
2	0
0	0
24	0
11	0
0	8
0	8
7	0
5	0
0	0
4	0
4	1
0	0
0	0
0	0
0	0
8	0
21	0
17	0
0	0
16	0
181	0
0	0
0	0
0	4
0	0
8	0
0	0
5	0
0	0
0	0
0	0
0	6
0	0
0	0
0	0
5	0
1	0
0	0
0	0
0	36
0	9
0	14
0	0
12	0
0	0
5	0
76	0
0	0
0	0
0	0
0	0
1087	0
0	0
0	0
0	0
22	0
5	76
14	0
2	0
0	0
6	0
0	0
0	10
0	10
0	0
15	0
17	0
0	0
3	0
14	0
0	22
0	0
11	0
148	0
0	0
6	0
33	0
88	0
0	0
0	0
0	0
15	0
0	0
42	0
3	0
0	0
5	0
0	0
8	0
0	0
0	23
0	23
0	23
0	23
0	23
52	0
3	0
7	0
127	0
1	3
3	0
0	0
3	0
0	0
0	0
0	0
27	0
8	0
0	0
9	0
27	0
2	0
0	0
0	0
0	0
0	0
7	0
0	0
3	0
5	0
19	0
0	0
19	0
66	0
0	0
0	0
5	0
3	0
5	0
29	0
11	0
32	0
23	0
4	0
6	0
6	0
0	0
4	0
0	0
0	0
0	0
0	0
18	0
8	0
1	0
0	0
573	0
19	0
26	0
0	0
0	0
29	0
0	8
0	8
0	0
14	0
0	0
7	0
14	0
0	0
0	0
6	0
23	0
1	13
0	13
0	0
14	5
53	5
0	0
13	3
8	44
0	44
0	0
66	0
0	0
39	0
13	0
0	0
7	0
0	0
0	0
0	0
92	4
0	0
0	0
2	0
0	5
0	5
10	0
12	0
0	0
0	0
11	0
2	0
13	0
9	0
1	0
0	0
4	0
0	0
0	0
0	6
0	6
0	0
0	0
0	0
0	0
117	0
0	0
42	4
4	0
0	0
0	0
0	0
0	0
10	0
0	0
0	0
0	0
2	0
8	0
5	0
33	0
0	0
0	0
0	0
0	0
6	0
46	0
6	0
0	0
0	0
0	0
33	0
0	0
9	0
5	0
28	0
4	0
3	0
3	0
0	0
0	5
0	5
0	0
0	0
1	0
7	0
0	5
0	0
5	0
37	0
26	0
0	0
0	0
5	0
0	0
0	0
0	0
6	0
0	0
16	0
9	0
17	0
7	0
0	0
0	0
0	0
44	0
0	0
17	0
0	0
0	0
0	0
3	0
66	0
18	0
10	0
4	0
16	0
0	0
1	0
0	0
0	0
5	0
23	0
3	0
0	0
0	0
0	0
0	0
0	0
0	0
11	0
0	15
9	0
0	0
6	0
0	177
0	158
9	0
0	0
7	7
6	0
5	0
22	0
8	0
24	0
18	0
3	0
2	0
0	0
5	0
0	0
0	0
0	0
0	0
0	0
0	0
0	0
0	0
16	0
2	0
25	0
0	0
7	0
97	0
487	0
0	0
0	0
10	0
5	0
0	0
11	0
16	0
0	37
0	37
7	0
0	0
0	0
0	0
0	0
0	0
0	0
0	0
0	0
3	0
38	0
0	0
0	0
0	0
0	0
0	0
0	0
0	0
0	0
0	0
1	24
0	24
0	1
0	0
0	0
0	0
54	0
12	0
0	0
0	0
15	0
0	0
0	19
3	0
2	0
1	0
0	0
0	0
0	0
0	0
0	0
0	0
0	0
0	0
2	0
0	0
0	0
0	0
12	0
0	0
11	0
0	0
81	0
0	0
0	0
0	0
0	0
47	0
5	0
0	12
0	12
3	0
44	0
81	0
55	0
16	0
0	0
11	0
3	0
0	7
0	7
0	0
26	0
5	0
16	0
0	31
0	43
0	0
0	17
0	0
0	0
456	77
0	2
0	2
0	41
0	0
0	0
0	0
0	17
0	17
0	0
0	0
0	0
0	0
0	0
0	0
0	0
0	0
0	0
0	0
17	0
1	0
23	0
8	0
0	0
6	0
8	0
0	2
0	0
10	0
0	0
0	0
0	0
0	7
0	7
4	0
4	0
0	0
0	0
0	0
0	0
0	0
10	0
0	0
7	0
0	6
0	0
0	0
0	0
6	0
0	0
12	0
0	0
0	0
17	0
0	0
0	0
17	0
28	0
0	0
6	0
13	0
18	0
41	0
17	0
28	0
0	0
0	0
8	0
0	0
0	5
0	5
0	0
0	0
0	0
0	0
0	0
0	0
0	0
0	0
0	27
0	8
0	27
0	27
45	0
6	0
0	0
8	0
0	0
567	0
10	0
0	0
0	0
8	0
0	0
13	0
0	0
0	13
0	0
0	0
3	0
0	0
13	0
0	0
0	23
0	23
1	0
13	0
8	0
0	0
18	0
0	0
1	0
4	0
8	0
8	0
0	0
0	2
6	0
16	2
7	0
0	0
0	0
0	0
2	0
16	0
0	0
0	0
0	0
8	0
1	0
0	0
0	0
0	0
0	0
0	0
0	0
0	0
3	0
0	0
0	0
0	0
8	0
0	0
0	0
7	0
0	0
0	0
0	0
1	0
17	0
0	0
7	0
4	0
0	0
0	0
64	0
22	0
7	0
0	0
0	0
7	0
7	0
0	3
0	0
9	0
0	0
0	0
30	0
3	0
2	0
0	0
0	0
0	0
5	5
3	0
57	0
0	36
7	36
9	0
4	0
0	0
7	0
0	2
4	0
0	0
47	0
0	0
35	0
15	0
5	1
34	0
0	0
2	0
9	0
1	0
0	4
0	4
0	20
0	0
0	0
0	0
0	0
0	0
0	0
0	3
0	0
0	0
0	5
0	2
0	5
0	0
0	0
0	0
0	0
0	0
0	0
19	0
3	0
0	0
0	0
0	0
7	0
10	0
26	0
13	0
0	1
0	1
0	0
0	0
7	0
0	0
0	0
0	0
0	0
0	0
5	0
0	0
0	0
0	0
0	0
10	0
0	0
0	0
7	0
7	0
6	0
0	0
0	0
0	0
0	0
0	0
0	0
9	0
9	0
0	5
0	5
0	0
17	0
0	0
7	0
51	0
0	0
17	0
0	6
0	6
0	0
3	0
0	0
0	0
0	0
0	0
0	0
0	4
0	4
0	0
0	0
0	0
0	3
0	3
0	0
0	0
0	0
106	0
0	28
0	28
0	16
0	16
1	0
0	1
3	0
0	8
0	0
0	2
0	0
85	0
0	0
0	0
6	0
0	0
0	0
0	0
16	0
5	0
0	0
0	0
12	0
0	0
0	0
1	0
0	0
5	0
0	5
0	5
61	0
0	9
0	9
0	0
0	0
0	0
0	0
0	6
40	0
5	0
0	0
0	0
0	0
6	0
12	0
0	0
10	0
5	0
0	0
0	0
7	0
0	0
8	0
0	0
15	0
0	0
0	0
0	0
0	0
3	0
0	0
0	0
0	0
0	0
0	0
0	0
0	0
0	0
0	0
0	0
0	0
0	0
0	0
0	0
0	0
0	0
0	0
0	0
0	16
0	5
0	0
0	0
0	0
0	0
0	0
0	0
0	0
13	0
0	0
3	0
0	0
0	0
0	0
0	0
0	0
0	0
0	0
0	44
0	44
0	0
0	0
5	0
0	0
37	0
60	0
0	0
0	0
0	0
15	30
0	0
0	0
0	0
0	5
1	5
0	0
0	0
0	0
74	0
36	0
7	0
0	0
0	0
26	0
10	0
3	0
178	0
0	0
0	0
3	0
0	14
0	14
8	0
0	0
0	0
0	0
0	5
7	5
5	0
0	0
0	0
0	0
9	0
0	8
24	0
0	0
8	0
0	8
3	0
0	8
0	8
5	0
0	0
44	0
0	0
0	0
54	0
0	0
252	0
0	0
0	0
1	0
4	0
0	0
7	0
0	0
41	0
0	0
8	0
3	0
0	271
0	271
0	6
0	0
0	0
309	2
10	0
5	0
0	5
0	5
0	5
0	0
0	0
2	0
0	0
10	0
0	0
0	0
2	0
6	0
0	0
0	17
0	17
14	0
0	0
4	0
0	0
0	0
0	0
6	0
0	0
51	0
79	0
0	0
4	0
7	0
0	0
0	0
0	0
0	0
10	0
5	0
0	0
18	0
0	9
0	9
0	0
0	29
0	29
0	0
0	0
0	0
0	0
0	0
0	2
0	0
0	0
2	0
14	0
5	0
0	0
0	0
3	0
26	0
9	0
0	0
0	0
4	0
49	0
0	0
40	0
4	0
8	0
12	0
0	0
5	0
0	0
0	0
0	3
0	0
3	0
0	0
0	0
6	0
3	0
0	0
0	0
0	0
0	0
0	0
0	0
0	0
0	0
0	0
0	0
0	0
0	0
0	0
4	0
13	1
21	0
0	0
8	0
0	84
0	84
7	0
0	23
0	23
0	0
0	0
30	2
46	0
0	0
0	0
0	0
14	0
0	0
0	0
47	0
0	0
1	0
0	0
0	0
0	0
18	21
0	0
28	0
0	0
0	0
18	0
0	0
0	0
85	0
99	0
0	0
0	0
10	0
0	0
42	2
0	88
0	88
13	0
679	0
13	7
0	0
0	0
0	0
0	0
0	0
2	0
4	0
0	0
29	0
118	0
0	17
0	0
10	0
3	0
3	0
1	0
0	0
0	0
0	0
0	0
0	0
0	0
15	0
4	0
2	0
19	0
0	0
13	0
8	0
21	0
0	0
0	0
0	0
5	0
0	0
0	0
0	0
0	0
0	0
0	0
0	0
0	0
0	0
8	0
0	0
0	0
4	0
5	0
0	0
3	0
0	0
0	0
0	0
0	0
0	43
0	0
6	0
0	0
3	0
7	0
0	0
14	0
0	0
3	0
3	0
0	0
22	0
39	12
0	2
0	2
0	2
0	2
1	0
0	0
18	0
35	0
0	0
5	0
34	0
0	0
8	0
4	0
3	0
0	0
9	0
0	0
0	0
9	0
0	0
12	0
0	0
0	0
14	0
26	0
6	25
0	0
0	0
0	0
0	0
0	0
0	0
0	3
0	0
5	29
0	0
0	0
0	0
0	0
0	0
0	0
0	7
0	0
0	0
0	0
0	0
11	0
10	0
13	5
0	0
0	0
0	0
0	0
12	0
64	0
28	0
1	0
2	0
6	0
0	0
0	0
0	0
76	0
0	0
25	0
41	0
15	0
0	0
0	0
0	0
15	0
46	0
0	0
8	0
0	0
3	0
0	0
0	0
0	0
13	0
2	0
0	0
10	0
8	0
16	0
22	0
5	0
0	0
0	0
0	0
0	0
0	0
0	0
0	381
0	381
11	0
0	0
0	0
0	0
0	0
0	0
33	0
0	1
2	2
0	0
0	0
12	0
0	0
109	0
0	0
0	0
0	0
0	0
0	0
3	0
0	0
4	0
0	0
0	0
5	0
0	0
0	1
0	0
5	0
0	0
3	0
0	8
3	0
3	0
0	0
20	0
0	0
0	0
0	0
3	0
8	0
0	0
45	0
64	0
55	0
1	0
0	0
0	0
15	0
0	0
12	0
8	0
0	1
0	1
4	0
5	0
0	0
0	0
15	0
0	0
0	9
0	0
0	9
0	0
44	0
0	0
89	1
15	0
0	2
0	2
7	0
0	0
4	0
5	0
8	0
0	0
1	0
8	0
17	0
3	0
0	0
0	6
0	6
0	0
0	0
1	0
0	0
15	0
32	0
0	0
8	0
28	0
0	0
6	0
0	0
2	0
0	0
7	6
3	0
5	0
7	0
24	0
20	0
5	0
139	0
10	0
6	0
4	0
39	0
0	0
159	0
30	0
3	0
3	0
6	0
54	0
2	0
17	0
363	72
0	0
0	0
306	72
20	0
16	0
1	0
6	0
0	0
5	3
0	3
0	0
0	2
3	0
5	0
0	0
12	0
0	0
4	0
0	0
0	0
0	0
0	0
0	6
0	6
0	0
3	0
0	0
23	0
0	0
9	0
1	0
2	0
8	0
0	0
0	0
0	0
0	0
0	0
0	0
98	0
0	0
0	0
21	0
0	0
0	0
0	0
0	0
0	0
0	152
2	152
4	0
0	0
0	0
8	0
0	0
1	0
8	0
0	0
0	5
0	5
0	5
9	0
0	0
22	0
0	0
0	11
0	11
0	0
20	31
0	0
0	0
11	0
0	0
0	0
8	0
34	0
16	0
0	0
0	0
0	0
7	0
8	1
10	0
0	17
0	0
0	0
0	0
0	0
0	0
50	0
0	0
5	0
0	0
0	0
0	0
0	0
0	0
0	0
0	0
0	13
0	13
0	13
0	0
0	6
0	0
0	0
1	0
5	0
0	0
0	0
0	0
15	6
40	0
3	0
9	0
109	0
4	0
4	0
0	0
0	0
0	0
0	3
2	9
0	0
0	0
0	5
0	0
0	0
2	0
4	0
8	0
0	0
0	0
0	22
0	22
0	0
0	0
0	0
0	0
0	0
3	0
0	0
0	0
0	0
0	0
0	0
0	0
0	20
0	20
0	0
7	0
0	0
0	2
0	2
0	2
0	0
0	2
9	0
0	0
0	0
8	0
0	0
4	0
0	0
0	0
0	0
0	0
4	0
0	0
0	0
0	0
10	0
3	0
0	0
2	0
0	0
0	0
0	0
0	0
5	0
0	0
0	0
2	0
11	0
1	0
16	0
0	19
0	19
0	0
9	0
0	0
139	0
6	0
0	7
0	7
0	22
0	22
0	0
0	0
4	0
3	0
0	0
0	0
0	0
10	0
7	0
0	21
0	0
0	0
0	0
32	0
17	0
24	0
3	0
0	0
0	0
0	0
0	0
0	0
0	0
0	78
0	0
0	0
0	0
0	11
0	0
0	0
0	0
0	0
0	0
0	0
0	0
0	0
0	0
0	1
0	1
0	4
0	0
0	0
0	38
0	1
0	0
0	0
0	0
0	0
0	0
0	0
1	0
0	0
0	0
0	3
0	3
0	24
0	0
80	0
24	0
0	0
6	0
0	0
0	0
0	0
24	0
0	0
5	2
0	0
17	0
0	0
0	0
0	0
0	0
0	0
0	0
0	0
0	0
0	0
0	0
0	3
0	3
0	0
0	0
0	0
0	9
5	0
16	0
0	0
0	5
1	0
0	0
0	0
24	0
17	0
0	18
0	18
0	37
0	37
22	0
5	0
0	4
13	0
2	0
0	0
0	0
0	0
2	0
27	0
0	19
0	19
0	0
0	0
0	0
1	0
0	0
0	0
0	0
0	0
0	0
65	0
8	0
0	0
0	0
4	0
4	0
0	0
1	21
0	0
0	0
0	0
0	0
0	0
16	0
8	0
0	0
0	5
0	4
0	5
0	4
0	4
26	0
0	4
0	4
0	15
0	15
0	0
0	0
0	0
0	6
0	6
0	6
0	132
2	132
11	0
4	0
0	0
9	0
0	0
822	0
0	0
10	0
5	1
0	1
47	0
0	0
0	0
0	0
3	0
3	0
20	0
0	0
66	0
16	0
136	0
3	0
0	0
35	0
0	0
0	0
0	0
0	0
6	0
0	1
1	0
0	0
13	0
8	0
13	0
76	0
20	0
0	0
0	0
22	0
25	1
6	0
0	0
132	0
26	0
14	0
0	0
22	0
0	194
0	194
0	0
16	0
13	0
175	0
89	0
341	0
3	0
0	0
0	0
0	0
0	0
0	0
18	0
0	0
0	6
0	6
0	6
0	18
0	18
0	0
4	0
0	0
0	0
0	0
7	0
0	0
0	0
3	0
10	0
0	0
11	0
1	0
0	0
0	14
115	14
5	0
0	0
0	0
0	0
0	0
0	0
0	0
0	0
0	0
4	0
0	0
0	0
0	0
0	0
0	0
5	0
13	0
38	0
0	0
38	0
0	0
0	0
50	0
43	0
0	0
46	0
0	0
127	0
5	0
0	0
0	0
0	0
0	0
54	0
402	0
13	0
1	0
0	0
1	0
8	0
4	0
0	0
6	0
86	0
91	149
7	0
0	0
0	0
14	0
17	3
0	0
221	0
14	0
2	0
0	0
0	0
0	0
63	6
48	0
26	0
0	0
2	0
1	0
7	0
14	0
10	0
86	0
9	0
0	0
0	0
1	0
0	0
2	0
0	0
22	0
0	0
0	16
10	16
12	0
0	10
0	10
6	0
10	0
261	4
91	0
0	0
14	0
0	0
0	0
161	411
0	1
2	0
0	415
0	1
14	0
1	0
0	0
2	0
5	0
0	0
7	0
0	0
0	0
10	0
0	0
0	2
0	2
0	0
0	0
0	0
3	0
0	9
0	9
42	0
0	0
0	17
0	17
0	43
0	43
0	10
0	10
0	6
0	6
0	0
63	0
48	0
0	0
33	0
0	0
0	0
7	0
0	17
0	17
14	0
17	0
0	0
0	0
0	0
0	0
19	0
7	0
0	0
0	11
0	11
30	0
0	0
0	11
0	0
6	0
2	0
2	0
0	0
0	2
0	2
6	0
11	0
0	0
8	0
0	0
0	6
0	6
8	0
106	0
0	0
11	0
2	0
0	0
6	0
0	0
0	0
0	0
23	0
19	0
0	0
0	0
0	3
0	3
19	0
4	0
4	0
8	1
0	96
0	96
0	0
0	0
23	0
0	0
0	3
0	0
0	3
6	0
0	0
12	0
13	0
0	0
0	0
0	0
0	0
14	0
0	14
4	0
0	14
0	0
0	0
7	0
11	0
21	0
31	0
5	0
0	0
6	0
0	0
11	0
0	0
2	0
14	0
0	0
0	0
15	0
13	0
0	0
2	0
0	0
48	0
12	0
0	0
0	0
30	0
224	5
0	0
0	0
1	0
0	21
0	21
0	0
2	0
13	0
21	0
0	0
19	0
0	0
8	0
8	0
21	0
61	0
16	0
0	0
0	0
33	0
1	0
0	0
7	0
2	0
2	0
13	0
0	0
5	0
6	0
0	0
0	0
0	0
0	0
26	0
0	0
0	0
0	0
0	4
3	4
18	0
3	0
0	0
0	0
0	0
0	0
2	0
0	0
0	0
0	0
0	0
0	0
0	0
0	0
4	0
3	0
0	0
0	0
5	0
31	0
0	0
0	0
0	0
5	0
78	0
380	0
27	0
0	0
5	0
0	0
14	0
4	0
0	10
0	10
3	0
1	0
0	0
18	0
0	0
0	0
0	0
0	0
20	0
0	19
0	19
0	19
7	0
4	0
0	0
0	0
3	0
0	0
0	0
15	0
0	0
2	0
0	0
0	0
28	0
14	0
0	0
9	0
8	0
13	0
0	0
6	0
2	0
1	0
18	0
44	0
0	0
27	0
0	7
0	7
0	0
0	0
0	0
0	0
0	0
0	0
0	0
9	0
0	8
0	8
0	0
9	0
0	0
0	0
0	0
23	0
78	0
0	7
0	7
14	23
0	14
0	14
0	0
0	0
37	0
0	22
0	22
0	0
0	0
26	0
0	0
0	0
141	0
11	0
9	0
6	8
0	0
239	0
9	0
0	0
0	0
0	0
5	0
0	0
0	0
0	0
9	0
3	0
3	0
0	0
0	0
0	0
2	0
0	0
0	0
0	0
0	0
0	0
0	0
0	0
0	17
0	6
64	72
6	0
7	0
18	7
1	0
0	0
0	0
0	0
0	0
0	0
0	3
0	3
0	2
0	2
0	2
19	0
0	0
6	7
0	0
0	0
0	0
0	0
0	0
0	0
0	0
0	0
0	0
19	0
0	0
0	0
22	0
0	0
9	0
31	0
0	0
0	0
50	0
27	0
0	0
0	0
0	0
0	10
0	10
27	0
0	0
13	6
0	6
3	0
0	0
2	0
7	0
28	0
3	0
24	0
9	0
0	0
65	0
0	0
0	0
0	0
4	0
9	0
10	0
0	0
1	0
0	0
14	0
10	0
19	0
24	0
0	0
0	0
0	79
2	79
5	0
0	0
0	0
7	0
3	0
0	0
0	19
0	19
0	0
0	0
0	0
0	0
0	0
3	0
0	0
4	0
0	0
14	0
0	0
8	0
4	0
11	0
0	0
0	0
3	0
0	0
0	0
0	0
0	2
0	2
1	0
0	0
8	0
0	0
0	0
0	0
6	0
0	0
13	0
0	0
4	0
1	0
36	0
2	3
0	0
0	0
0	0
19	0
0	0
3	0
0	0
7	1
0	0
0	0
0	0
2	0
12	0
0	0
0	0
0	0
0	0
0	0
0	0
5	0
0	0
0	2
0	2
0	0
4	0
108	0
5	0
0	0
0	27
0	27
1	0
0	0
0	6
0	0
0	5
0	5
0	0
5	0
0	0
0	0
0	0
8	0
0	0
1	0
1	0
5	0
12	0
50	1
34	0
8	0
0	0
1	0
0	0
0	0
17	0
0	0
0	0
0	0
0	0
323	0
15	0
10	0
0	1
2	0
6	0
21	0
0	0
17	0
20	0
0	0
0	0
0	0
11	0
0	0
19	0
10	0
0	0
0	20
0	20
37	0
12	0
2	0
0	4
0	4
7	0
0	5
4	0
7	0
15	0
4	0
25	0
41	0
0	0
0	0
0	0
14	0
0	0
0	0
9	0
32	0
5	0
0	0
0	12
0	12
42	0
0	0
14	0
0	0
8	0
24	0
63	0
19	0
0	0
31	0
11	0
0	0
0	7
0	0
81	0
0	0
0	0
124	0
0	0
57	0
4	0
0	0
0	0
0	0
0	0
3	0
0	0
0	0
0	0
0	0
0	0
0	0
0	8
0	0
9	0
10	0
0	0
0	0
0	0
0	0
0	0
0	0
0	0
523	0
59	0
5	0
0	0
0	0
0	0
14	0
4	0
0	0
0	0
4	0
16	0
3	0
0	0
0	0
0	0
1	0
27	12
16	31
347	4
0	0
0	0
0	0
0	0
9	0
0	0
0	0
6	0
0	0
0	0
0	0
0	0
2	0
0	0
1	0
0	0
0	0
4	0
18	0
2	0
0	0
0	0
0	0
0	0
1	0
4	0
6	0
0	0
0	0
6	0
109	0
5	0
7	0
52	0
0	0
5	0
10	0
0	0
10	0
0	0
0	0
0	0
0	0
2	0
0	0
29	0
0	0
0	0
0	0
0	10
0	10
0	0
0	0
0	0
4	0
24	0
0	0
0	3
0	3
23	0
6	0
3	0
7	0
2	0
0	0
56	0
0	0
8	0
0	0
0	8
0	0
131	0
0	0
15	0
0	0
0	0
0	0
8	0
13	0
3	0
11	0
6	0
0	16
0	16
10	0
0	0
11	0
12	0
0	0
0	0
17	0
0	0
4	0
0	0
22	0
15	0
184	0
5	0
14	0
3	0
0	30
0	30
6	0
18	0
827	0
0	0
4	0
0	0
3	0
5	0
0	0
10	0
5	0
15	0
6	0
127	0
10	0
3	0
0	0
23	0
0	0
0	3
0	3
0	3
17	0
0	0
0	4
0	4
0	0
0	0
0	0
4	0
18	0
15	0
0	0
2	0
0	0
0	0
2	0
0	0
10	0
5	0
4	0
6	0
38	0
34	0
37	0
0	0
0	0
0	0
0	0
0	0
0	0
4	0
55	0
9	0
0	0
0	8
0	8
7	0
0	0
0	0
0	0
10	0
5	0
0	0
0	0
0	0
0	0
16	0
0	0
6	0
0	0
12	0
0	0
0	0
9	0
0	0
0	0
0	0
21	0
0	0
0	0
0	0
0	0
0	0
7	0
0	0
16	0
0	5
0	0
0	5
29	0
37	0
0	0
1	0
13	0
2	0
0	0
13	0
15	0
6	0
0	0
0	0
7	0
0	0
7	0
12	0
0	0
0	7
26	0
23	0
7	0
0	4
0	4
0	7
0	0
30	0
0	0
11	0
0	0
68	0
0	7
0	7
0	0
14	0
0	0
4	0
44	0
0	0
4	0
5	0
0	0
0	0
0	0
0	0
0	0
1	0
11	0
25	0
5	0
0	0
6	0
8	0
0	0
3	0
0	0
0	0
6	1
8	0
6	0
2	0
0	0
39	0
0	0
0	0
28	0
5	0
5	0
13	0
2	0
0	0
153	0
7	0
0	0
22	0
0	0
4	0
10	0
0	0
9	0
8	0
0	0
0	2
0	2
0	0
0	0
5	0
3	0
0	0
0	0
0	0
5	0
5	0
0	0
4	0
0	0
0	0
0	0
0	0
10	0
0	0
0	0
3	0
10	0
12	0
0	0
0	2
258	1
0	0
1	0
3	0
0	0
5	0
15	0
0	0
0	0
8	0
0	0
0	32
6	32
513	0
0	0
5	0
6	0
2	0
0	0
0	0
0	0
5	0
0	0
0	0
0	0
0	0
0	0
7	4
0	0
13	2
0	3
6	2
6	0
4	0
0	0
0	0
0	0
2	0
2	0
11	0
0	0
1	0
11	0
26	0
0	0
0	27
0	27
13	0
4	0
0	216
0	216
0	0
0	0
0	0
0	0
5	0
11	0
0	16
0	16
0	16
0	0
0	0
0	0
8	0
0	7
0	7
0	0
0	1
0	0
2	0
0	0
0	0
11	0
6	0
0	0
0	0
0	14
9	0
0	0
0	0
5	0
6	0
0	0
4	0
0	0
21	0
29	0
0	0
0	0
0	0
0	0
13	0
10	0
0	0
0	0
1	0
46	0
269	0
26	0
0	0
0	0
9	0
3	0
94	0
6	0
29	0
23	0
13	0
0	0
21	0
0	0
0	0
0	0
0	0
1	0
12	0
0	0
4	4
0	0
155	0
0	0
7	0
15	0
14	0
0	0
1	0
10	0
73	0
0	0
0	0
4	0
329	142
829	143
0	0
1	56
0	56
2	0
0	0
0	0
0	7
4	0
0	31
0	8
0	17
0	7
0	0
0	0
0	27
0	0
0	15
0	0
0	0
0	0
0	6
0	6
0	0
0	0
0	14
0	14
14	0
0	0
0	0
1	2
0	0
0	0
0	0
0	3
24	0
0	0
0	0
0	0
48	0
0	0
0	0
0	0
0	0
0	2
0	0
34	3
2	0
0	0
0	0
0	4
360	0
0	0
0	0
0	0
10	0
0	0
0	0
16	0
0	0
0	0
0	0
2	0
0	0
0	0
0	0
4	0
4	0
6	0
0	7
0	7
0	0
7	0
0	0
0	31
0	31
0	0
0	0
0	0
0	0
0	0
0	0
0	0
0	0
6	0
0	0
0	0
0	0
9	0
2	22
0	0
0	0
0	1
0	1
0	1
0	0
0	0
0	0
0	0
0	0
0	0
9	0
0	0
0	0
0	0
0	0
12	0
9	0
1	0
0	0
0	0
16	0
7	0
0	14
0	14
26	0
0	0
52	0
0	0
16	0
25	0
1	0
0	0
0	12
14	31
8	0
37	0
14	0
0	0
1	0
0	0
0	6
0	0
0	24
0	0
0	0
0	0
0	0
2	0
0	0
0	0
0	0
32	0
0	0
0	0
0	0
0	0
0	0
0	0
0	0
0	2
0	2
0	2
0	0
19	0
0	24
0	138
0	138
10	0
0	0
0	0
0	1
0	9
0	9
0	0
0	1
0	0
16	0
0	16
0	0
0	0
0	0
0	0
0	35
0	0
7	0
0	0
0	0
0	2
4	0
0	0
0	0
11	0
0	0
0	0
0	0
0	0
730	0
0	0
0	0
0	0
0	6
0	9
0	2
3	0
0	0
0	0
1	0
0	1
0	1
3	0
37	0
0	0
0	5
0	9
0	9
0	0
66	0
0	0
0	0
0	0
92	0
0	0
0	4
0	4
10	4
0	0
7	0
0	0
0	0
21	0
0	0
0	0
0	0
0	0
28	0
4	0
0	0
4	3
6	0
7	0
3	0
5	0
0	0
0	0
0	0
0	0
11	0
0	0
7	0
6	0
4	0
0	0
0	0
0	0
0	0
0	0
0	0
0	0
3	0
0	0
5	0
0	0
0	1
0	1
0	0
0	0
0	0
0	0
1	153
0	153
0	0
0	0
0	5
0	5
9	0
0	0
8	0
4	0
2	6
0	1
0	1
0	0
0	0
4	0
28	0
0	0
0	0
0	0
0	0
0	0
0	0
0	1
0	0
15	1
5	0
0	4
15	0
5	0
23	0
1	0
10	0
12	0
1	0
0	17
0	17
0	0
20	0
31	0
1	0
4	0
0	0
0	0
3	0
6	0
0	0
0	0
0	5
0	5
0	18
0	0
0	0
6	0
0	0
4	0
38	0
7	0
0	0
0	0
26	0
0	0
1	0
2	0
0	3
9	0
0	0
5	0
0	6
0	6
21	0
12	0
0	0
0	0
0	36
1	0
2	0
105	0
0	0
30	0
0	0
0	0
0	0
0	0
10	0
15	0
0	0
7	0
5	0
28	0
8	0
2	29
7	0
2	0
0	0
0	0
0	0
8	0
0	0
32	0
0	15
0	15
0	12
0	15
9	0
6	0
0	1
1	28
0	0
5	0
0	0
0	0
0	0
1	0
5	0
0	0
0	0
0	0
16	0
10	0
7	0
7	0
13	0
11	0
2	0
0	5
1	0
0	0
50	0
103	0
0	0
11	0
0	0
18	0
13	0
0	0
0	0
0	0
0	0
0	0
0	0
6	0
0	0
0	0
8	0
0	0
0	0
1	0
0	4
0	4
21	0
0	0
0	0
0	0
0	0
2	0
5	0
0	0
0	0
5	0
0	0
30	0
0	0
0	0
0	0
0	0
0	0
0	0
0	0
0	0
0	0
0	0
25	0
3	0
0	0
10	0
2	0
0	0
0	0
4	0
9	0
4	0
0	0
0	0
0	0
0	0
6	0
0	0
12	0
5	0
0	0
0	0
0	0
0	0
0	0
0	0
0	0
0	0
0	0
0	114
0	114
44	0
0	0
0	0
10	0
0	0
10	0
0	0
3	0
0	1
0	1
350	0
84	0
6	0
16	0
5	0
19	0
16	0
0	0
27	0
0	0
0	0
0	0
3	0
51	0
0	0
0	0
0	0
0	0
0	0
0	46
1	46
12	0
0	0
0	0
0	0
1	0
0	0
0	0
0	0
0	0
0	0
0	0
2	0
6	0
1	0
0	0
0	0
0	0
0	0
0	0
0	0
1	0
0	0
4	0
4	0
0	2
0	2
85	0
0	0
16	0
172	6
7	0
56	0
11	0
27	0
72	0
0	0
0	0
0	0
0	0
0	0
7	0
2	0
0	0
0	0
0	0
0	0
59	0
0	0
0	0
0	0
0	0
9	1
0	4
0	4
0	4
578	0
0	0
2	0
10	0
11	0
26	0
547	0
0	0
5	0
0	0
0	0
0	0
0	0
18	0
13	0
0	0
0	0
0	0
7	0
8	1
9	0
0	40
0	40
0	0
0	0
0	0
2	0
6	0
0	0
6	0
1	0
0	0
0	0
0	0
0	0
0	0
2	0
4	0
4	0
1	0
26	0
6	0
15	0
3	0
0	0
14	0
8	0
2	0
0	0
17	0
44	0
0	0
0	0
0	0
8	0
11	0
47	0
35	0
0	0
0	0
0	1
0	1
0	2
0	2
97	0
0	0
0	0
12	0
0	0
46	0
3	0
47	0
6	0
21	0
3	0
0	0
0	0
0	0
5	0
0	0
8	0
38	27
0	0
8	0
0	0
0	0
6	3
0	0
0	0
0	0
30	0
0	0
15	0
0	0
21	0
0	0
8	0
5	0
0	0
0	0
0	0
0	0
0	0
0	27
0	27
4	0
0	0
3	0
0	0
8	0
0	0
60	0
0	0
262	0
243	0
5	0
8	0
8	0
0	0
1	0
0	0
0	0
11	0
0	0
34	0
0	0
0	0
3	0
1	0
0	0
0	0
0	0
1	0
0	0
0	0
0	0
16	0
0	0
0	0
12	0
8	0
3	0
0	0
0	0
4	19
0	19
0	3
0	3
17	0
0	79
3	0
0	0
0	0
3	0
0	0
12	0
3	0
0	0
0	0
6	0
27	0
0	1
0	1
4	0
0	0
8	0
0	0
16	0
0	0
0	0
3	0
0	0
23	0
8	0
0	0
0	2
0	0
0	0
0	0
0	0
3	0
0	0
8	0
0	0
36	0
12	0
0	0
0	0
13	0
14	0
0	0
0	0
0	0
0	0
29	0
2	0
0	0
0	0
0	0
0	0
0	0
0	0
342	0
0	0
0	1
0	0
0	0
0	0
0	0
8	0
0	20
2	20
0	0
3	0
4	0
8	0
0	0
4	0
1	0
43	0
30	2
0	0
0	0
0	0
0	0
0	0
5	0
0	0
0	0
9	0
8	0
4	0
0	0
18	0
0	0
0	0
10	0
23	0
0	0
0	0
21	0
2	0
2	0
0	0
3	0
3	0
0	0
0	0
29	0
5	11
0	0
1	0
23	0
10	0
4	5
5	0
0	0
0	0
503	0
0	0
20	0
0	0
0	0
0	0
0	9
0	9
2	0
0	0
4	0
0	0
4	0
0	2
0	2
0	0
32	0
0	0
0	274
0	274
0	3
0	3
0	0
0	12
0	12
0	0
0	3
0	3
0	0
14	0
5	0
0	4
0	4
7	0
0	0
0	0
7	0
0	0
0	0
0	72
0	72
0	0
0	0
0	0
0	1
0	1
3	4
0	4
10	0
7	0
8	7
33	0
9	0
1	0
0	11
0	11
4	0
3	0
44	0
310	1
4	0
0	0
0	0
1	0
0	0
0	0
0	0
0	0
0	0
4	0
0	0
4	0
0	0
0	0
0	0
0	0
3	0
1	0
13	0
0	0
0	0
0	17
5	6
0	62
0	0
0	0
8	0
0	0
0	0
0	0
0	24
0	24
0	0
12	0
0	0
0	0
0	0
13	0
0	0
16	0
0	5
0	0
7	0
5	0
0	0
38	0
37	0
13	0
3	0
6	0
0	0
0	0
0	25
0	1
0	4
0	4
0	0
0	7
10	0
0	0
0	7
0	3
1	0
3	0
0	0
0	12
0	12
0	0
0	0
0	0
0	0
0	0
0	0
0	0
4	0
0	0
0	0
17	0
5	0
2	0
0	0
0	0
0	0
0	11
0	5
0	5
17	12
32	0
0	0
0	0
17	0
7	0
12	0
0	0
0	0
0	0
1	0
1	0
18	0
0	0
0	0
0	0
4	0
0	0
1	0
0	0
5	0
1	0
4	0
0	0
2	0
0	0
40	0
3	0
7	0
0	49
0	49
15	0
0	0
13	0
18	0
0	36
0	36
0	20
0	20
0	20
6	0
8	0
0	0
28	0
0	0
0	0
65	0
4	0
2	0
0	0
14	0
1	0
0	0
0	0
4	0
0	0
0	0
0	0
0	0
0	4
0	4
11	0
0	0
0	0
0	0
2	0
0	0
0	0
0	0
3	0
0	0
0	23
7	0
29	0
93	0
0	0
0	0
9	0
0	0
4	0
0	0
5	0
0	0
0	0
3	3
28	0
2	0
0	0
0	0
29	0
33	0
0	0
0	0
6	0
12	0
0	0
10	0
0	0
3	0
0	0
0	0
0	0
0	0
0	0
3	0
1	0
3	0
35	0
0	0
2	43
0	0
0	0
0	0
0	0
0	0
6	0
0	0
0	0
13	0
0	1
0	16
0	16
18	5
0	1
0	0
0	0
0	0
0	0
23	0
4	0
0	0
262	0
6	0
0	17
0	17
0	17
0	17
0	17
0	0
43	0
11	0
0	0
2	0
16	0
0	4
0	4
0	0
5	0
0	0
0	0
0	0
5	0
0	0
0	0
0	9
0	9
0	0
28	0
16	0
8	0
0	0
0	0
0	0
0	0
0	0
0	0
14	0
7	0
24	0
27	0
14	0
4	0
0	0
11	0
63	0
2	0
3	0
0	0
6	0
39	0
0	0
4	0
6	0
1	0
0	0
0	0
0	78
0	4
0	3
0	0
6	0
37	0
14	0
5	0
5	0
6	0
0	0
0	0
45	0
5	0
23	0
3	0
3	0
0	0
0	0
0	0
0	83
0	83
0	0
0	0
0	0
0	0
0	0
0	0
0	0
0	0
0	0
0	0
43	0
0	0
0	0
5	0
187	0
25	0
0	0
0	0
9	0
14	0
8	0
51	0
0	0
10	0
5	0
0	0
8	0
0	6
0	5
0	0
14	0
0	0
0	0
7	0
0	66
0	66
7	0
48	0
2	0
1	0
3	0
0	0
0	0
0	0
0	0
8	0
10	0
64	0
0	6
0	6
0	0
0	0
0	0
0	0
6	0
0	2
0	2
0	2
0	2
0	2
6	0
0	0
0	0
0	0
0	0
6	0
0	0
29	0
21	0
7	0
4	0
7	0
5	0
0	0
10	0
0	0
0	0
0	0
0	0
0	0
0	0
0	0
0	0
4	4
4	0
0	0
0	0
0	0
0	0
13	0
1	28
11	0
0	0
0	5
0	5
0	0
2	0
12	0
3	0
3	0
5	0
0	0
17	0
0	0
0	0
10	0
5	0
14	0
0	0
23	0
0	0
5	0
5	0
0	0
0	0
0	0
2	0
11	0
0	0
0	0
0	14
0	13
0	0
0	0
0	0
1	0
0	0
0	0
3	0
0	0
8	0
9	0
0	1
0	1
0	0
14	0
0	0
35	0
0	0
0	0
4	0
0	0
14	0
0	0
0	0
0	0
0	36
0	36
10	0
0	0
0	0
0	0
10	0
5	0
0	0
0	0
0	63
0	63
0	0
7	0
0	0
41	19
0	0
0	0
0	0
0	1
0	0
0	0
0	0
0	0
0	0
0	0
0	0
0	0
0	0
0	0
34	0
3	0
0	0
0	9
0	9
5	0
42	0
21	0
0	0
39	0
14	0
10	0
0	8
0	8
0	8
0	8
0	0
2	0
37	0
2	0
0	0
0	0
0	0
0	0
0	0
11	0
2	3
14	4
0	0
5	0
11	0
7	0
0	0
0	0
0	0
26	0
8	0
0	0
0	0
4	0
0	0
3	0
44	0
12	0
4	0
0	0
0	0
0	0
23	0
47	0
11	0
5	1
5	0
2	0
14	0
10	0
1	0
230	0
17	0
14	0
0	0
1	0
17	0
0	0
78	0
10	0
0	0
0	0
0	0
0	0
2	0
7	0
3	0
30	0
0	0
47	0
0	0
6	0
1	0
10	0
21	0
5	0
0	0
0	0
0	0
4	0
0	0
6	0
7	0
4	0
0	0
0	0
2	0
27	0
7	6
0	0
0	0
3	0
23	0
0	0
57	6
0	0
12	0
0	0
32	0
28	0
0	4
0	4
0	0
0	0
6	0
0	0
2	0
0	0
0	0
4	0
0	0
0	0
0	0
0	0
3	0
0	0
0	0
0	0
0	0
0	0
0	0
43	0
16	0
0	0
0	0
0	0
43	1
0	69
0	69
3	0
0	0
0	0
0	0
0	18
0	0
0	0
0	0
0	0
25	0
3	0
51	0
21	0
94	0
5	0
17	0
26	0
2	0
0	0
0	0
0	0
23	0
0	0
5	0
0	0
0	0
0	0
0	0
0	0
0	0
0	0
0	0
0	0
9	0
0	0
0	0
7	0
0	0
0	0
0	0
3	0
0	0
0	0
7	0
2	0
0	0
0	0
0	0
9	0
0	0
0	0
0	0
164	4
10	0
17	0
27	0
5	0
0	0
4	0
0	0
0	0
0	7
0	0
0	0
0	0
13	0
0	0
0	0
1	0
7	0
0	0
2	0
0	0
13	0
0	0
0	0
0	0
19	0
54	0
0	0
1	0
0	0
0	0
0	0
16	0
7	0
4	0
0	1
0	1
0	0
3	0
0	0
0	0
0	0
0	29
6	0
0	0
0	0
7	0
44	0
0	0
0	0
0	0
0	0
1	0
0	0
0	0
12	0
3	0
25	0
0	13
0	13
0	0
5	0
0	0
0	0
1	0
5	0
0	0
11	0
48	0
0	0
6	0
0	3
0	0
0	0
0	0
0	0
0	0
5	0
6	0
0	0
6	1
0	0
0	0
8	0
9	0
7	0
1	89
0	0
3	0
0	0
13	0
0	0
3	0
0	0
30	0
0	0
1	0
229	0
0	0
0	0
0	6
0	0
0	0
8	0
5	0
0	0
0	0
0	0
0	0
0	0
0	0
0	0
1	0
1	0
0	0
10	0
0	0
101	0
2	0
0	3
0	3
6	0
0	0
20	0
0	0
0	0
4	0
0	0
0	0
0	0
7	0
0	0
25	0
15	0
0	0
0	0
0	0
19	0
65	0
111	0
0	0
5	0
14	0
0	0
0	0
7	0
22	0
6	0
47	0
0	0
111	0
1	0
3	0
0	0
0	0
0	0
0	0
0	0
22	0
0	0
0	0
0	21
0	21
0	21
86	0
0	0
0	0
0	0
0	4
0	4
0	1
0	1
1	0
58	0
0	0
6	0
30	0
3	0
0	0
842	4
37	0
1	0
0	0
3	0
1	0
13	0
5	0
31	0
0	0
6	0
0	0
0	0
0	70
0	70
0	0
0	0
0	0
0	0
0	0
1	0
1	0
75	0
0	0
0	35
1	0
6	0
0	0
0	0
39	0
13	0
0	0
17	0
0	0
0	0
1	0
0	0
3	0
0	0
1	0
4	0
5	0
12	0
0	0
0	0
21	0
0	7
0	7
0	7
0	0
58	0
14	0
0	0
0	8
0	8
0	8
0	0
0	0
12	0
11	0
7	0
0	0
6	0
2	0
0	0
0	0
0	286
0	282
1	264
0	25
1	25
0	0
0	0
0	0
0	0
0	0
26	0
0	0
0	0
126	0
8	0
13	0
0	0
0	13
0	13
0	0
3	0
14	0
8	11
4	11
4	0
94	0
5	0
31	0
5	0
53	0
0	0
6	0
0	0
0	0
6	0
23	0
0	0
13	0
7	0
0	0
0	0
0	0
12	0
11	0
4	0
156	0
0	0
0	0
0	0
0	0
32	0
0	0
5	0
3	0
0	4
0	0
0	0
0	4
0	0
0	0
21	0
3	0
6	0
0	0
2	0
0	0
12	0
0	0
0	0
21	0
0	0
0	0
0	0
0	0
0	0
0	0
0	0
4	0
11	0
5	0
8	0
0	0
14	0
120	0
4	0
0	0
11	0
9	0
3	0
1	0
1	0
0	0
1	0
0	0
0	0
0	0
0	0
0	0
9	0
0	0
0	0
0	0
12	0
0	0
0	0
0	0
19	1
0	0
129	0
0	0
0	0
27	0
7	0
0	0
7	0
32	0
10	0
0	0
0	0
0	0
5	0
44	0
0	7
19	0
0	0
0	0
0	0
0	0
0	15
0	15
11	0
20	0
0	27
498	0
4	7
0	0
0	0
0	0
0	0
0	0
4	0
9	0
6	0
1	0
2	0
0	0
0	0
0	0
0	0
87	0
5	0
0	0
7	0
0	0
0	0
0	0
0	0
50	0
0	0
0	0
0	0
0	0
0	0
0	0
0	8
2	0
18	0
0	0
0	31
7	0
0	0
36	0
0	0
2	0
0	0
0	0
0	0
3	0
0	0
13	0
0	0
0	0
0	0
0	0
0	0
0	0
10	0
0	0
5	0
7	0
5	0
0	0
0	0
0	0
0	0
0	0
0	0
7	0
0	0
0	0
0	0
0	0
0	0
0	0
6	0
0	0
0	0
14	0
12	0
0	0
0	0
10	0
6	0
0	0
32	0
5	0
33	0
0	0
9	0
0	13
51	0
7	0
0	0
4	0
0	0
0	0
0	0
0	0
0	0
5	0
0	0
0	0
3	0
0	0
0	1
0	1
4	0
154	3
0	0
10	0
0	0
0	9
14	0
0	0
0	0
3	0
24	0
6	0
8	0
4	0
0	0
6	0
9	0
15	0
0	0
0	9
0	9
4	0
10	0
0	0
0	0
6	0
27	0
0	0
6	0
0	0
0	0
0	0
0	0
72	0
0	0
2	0
0	0
1	0
21	0
29	0
0	0
0	0
0	0
0	0
0	0
2	0
118	0
0	0
0	0
0	0
0	0
0	0
5	0
2	0
0	0
9	0
2	0
5	0
3	0
3	0
66	0
1	0
0	0
0	0
0	0
0	0
108	0
0	0
0	0
0	0
0	0
27	0
15	0
1	0
6	0
6	0
0	0
0	0
6	0
17	0
24	0
5	0
10	0
0	0
0	0
8	0
1	0
6	0
30	0
0	0
0	0
0	75
0	75
0	0
0	0
0	0
35	0
8	0
3	0
5	0
9	0
0	0
0	0
0	0
42	0
0	0
0	0
7	0
0	0
0	13
0	13
0	13
0	0
10	0
7	0
4	0
25	0
43	0
47	0
0	0
2	0
0	0
0	0
21	0
3	6
0	9
0	0
0	0
0	0
52	0
0	0
0	0
3	0
0	0
0	8
0	8
23	0
0	10
0	10
0	0
0	0
0	105
0	105
0	0
17	0
0	0
0	0
6	0
2	0
0	0
14	0
5	0
4	0
0	0
0	0
21	0
5	0
29	0
56	0
5	0
56	0
0	0
2	0
0	3
0	3
4	0
0	0
0	1
0	1
3	0
0	0
0	0
15	0
2	0
52	0
0	0
81	0
0	0
0	0
0	0
0	0
0	0
0	0
17	0
0	0
0	0
15	0
0	0
0	0
25	0
0	0
0	0
0	0
16	6
10	0
25	0
0	0
0	0
3	0
0	0
9	0
0	0
0	0
12	0
0	0
1	0
0	0
1	0
0	0
2	0
162	0
0	0
57	0
0	0
15	0
13	31
21	0
38	0
0	0
9	0
3	0
40	0
4	0
2	0
0	0
0	0
8	0
0	0
0	0
0	0
0	0
0	0
9	0
0	0
0	0
2	0
0	0
6	0
0	0
0	0
0	0
0	0
0	0
3	0
239	0
0	0
0	0
0	0
15	0
0	0
0	0
16	0
13	0
0	0
26	0
0	0
0	0
8	0
0	0
0	0
2	0
102	0
5	0
82	0
0	0
0	0
0	0
20	0
5	0
3	0
0	0
802	0
16	0
16	0
0	5
0	5
0	0
0	0
0	0
51	0
12	0
11	0
62	0
8	0
2	0
2	0
18	0
0	0
0	0
0	0
0	0
0	0
0	193
0	193
0	0
0	0
0	0
0	0
0	0
40	0
7	0
124	0
0	0
2	0
12	0
0	0
15	0
0	0
0	0
1425	0
39	0
0	0
3	0
0	0
18	0
0	0
9	0
63	0
10	0
24	0
64	0
4	0
0	0
6	0
0	58
0	58
0	0
6	0
0	0
9	0
14	0
0	0
0	0
0	0
0	0
23	0
11	0
52	0
14	0
0	0
7	0
2	0
0	0
6	0
7	5
3	0
0	0
0	0
0	0
19	0
17	0
19	0
12	0
4	0
74	0
0	0
0	0
0	0
0	0
0	0
0	0
17	0
7	0
2	0
9	0
85	0
11	0
2	0
0	0
4	0
22	0
79	1
10	0
0	0
0	0
7	0
0	0
9	0
0	0
0	0
0	0
0	0
0	0
0	0
4	0
16	0
0	0
5	0
0	0
0	8
0	8
0	0
3	0
1	0
10	0
0	0
0	0
0	0
0	0
0	0
0	0
13	0
0	0
0	0
15	0
0	0
4	0
14	0
7	0
0	0
9	0
3	0
111	0
27	0
0	0
0	0
0	0
2	0
0	0
0	0
8	0
0	0
0	0
2	0
0	0
0	0
0	0
0	0
133	0
0	0
0	0
0	0
8	0
15	0
0	0
0	0
11	0
8	0
7	0
18	0
0	0
0	0
0	0
0	0
0	0
20	0
0	0
17	0
28	0
28	0
8	0
16	0
4	0
17	0
7	0
0	0
6	0
16	0
12	0
83	0
0	0
0	0
13	0
14	0
0	0
53	0
4	0
8	0
0	3
0	24
0	0
0	0
0	0
0	24
4	0
20	0
12	0
0	0
5	0
0	0
15	0
10	0
9	0
727	0
72	0
0	0
4	0
0	0
232	0
0	0
0	0
0	0
2	0
0	0
0	0
5	0
2	0
5	0
0	0
0	0
7	0
11	0
16	0
0	0
16	0
67	0
1	0
0	0
10	0
2	0
0	0
8	0
5	0
10	0
0	0
4	0
0	0
0	0
0	0
11	0
0	0
0	0
4	0
0	0
9	0
3	0
10	0
15	4
25	0
3	0
0	0
0	0
14	0
0	0
0	0
0	0
0	0
0	0
0	0
7	0
71	0
11	0
70	0
13	0
36	0
35	0
0	0
11	0
0	0
26	0
8	0
0	0
56	0
35	0
0	0
9	1
0	469
0	0
0	0
0	1
0	0
0	0
0	0
0	0
121	0
7	0
162	0
5	0
18	0
15	0
0	0
0	0
0	0
1	0
0	0
10	0
0	0
0	0
0	0
132	0
0	0
0	0
0	0
0	0
0	0
0	0
46	0
11	0
4	0
27	0
0	0
0	0
0	0
2	0
12	0
10	0
0	0
0	0
36	1
0	0
1	0
13	0
0	0
1	0
13	0
4	0
4	0
0	0
0	0
0	0
1	0
21	0
0	0
7	0
23	0
19	0
2	0
0	0
0	0
0	0
13	0
2	7
0	0
0	39
0	39
0	0
1	0
0	0
0	0
8	0
11	0
10	0
0	2
0	2
0	0
0	0
9	0
12	0
14	0
7	0
0	0
0	4
1	0
3	54
20	12
0	6
0	6
0	6
0	0
0	93
0	0
0	0
2	0
0	0
0	0
0	0
16	24
4	7
0	0
0	0
0	7
8	0
0	7
11	0
0	10
94	0
0	0
0	0
6	0
1	0
11	0
0	3
2	0
0	0
0	0
10	0
4	0
0	0
3	0
24	0
0	0
8	0
169	0
0	0
0	0
120	0
0	0
0	0
0	0
0	0
0	212
0	155
35	0
0	0
0	0
72	0
30	0
12	0
0	15
0	15
20	0
7	0
1	0
5	0
2	0
0	0
66	0
2	4
0	13
0	13
0	0
2	0
1	0
3	1
0	1
17	0
4	0
5	0
0	11
0	11
14	0
0	0
0	0
0	0
3	0
0	2
0	2
0	0
0	0
7	0
0	0
0	2
0	2
8	0
0	0
6	0
2	0
0	0
11	0
0	6
0	0
0	0
0	0
0	0
0	0
25	0
0	0
0	0
0	0
16	0
6	0
27	0
8	0
0	0
1	0
13	0
0	0
0	0
0	0
0	0
3	1
0	0
0	0
4	0
10	0
0	0
0	0
0	0
10	0
1	0
26	0
0	0
0	0
0	0
11	0
0	0
0	0
0	0
0	0
0	0
6	0
11	0
0	0
0	0
0	0
11	0
2	0
0	0
21	0
2	0
0	24
0	24
42	0
0	4
0	0
0	0
0	0
1	0
2	0
0	0
9	0
40	0
0	0
46	0
0	0
0	0
8	0
0	0
40	0
0	0
8	0
0	0
5	0
0	0
1	0
0	0
8	0
382	0
0	0
8	0
0	0
0	0
0	0
0	0
0	0
0	0
0	0
0	0
0	0
0	0
13	0
8	0
27	0
0	0
17	0
189	1
0	0
0	0
0	0
0	0
13	0
0	0
6	2
0	0
0	0
12	0
0	0
0	0
0	0
429	0
0	0
17	0
5	0
6	0
261	0
0	10
0	10
0	10
0	0
0	0
0	0
72	0
0	0
47	0
9	0
0	0
0	0
1	0
8	0
0	0
0	0
0	0
0	0
0	0
3	0
0	0
3	0
0	0
3	0
7	0
0	0
4	0
0	0
6	0
0	0
12	0
0	0
0	0
0	0
4	0
0	0
11	0
0	0
11	0
0	0
7	0
0	3
0	3
0	0
0	0
3	0
0	0
0	0
7	0
67	0
3	0
12	0
0	0
0	0
0	5
0	0
0	0
0	0
0	0
0	0
0	0
0	0
11	0
0	0
7	0
0	1
3	0
26	0
0	0
0	0
0	0
9	0
10	0
102	0
3	0
4	0
0	0
31	0
13	0
1	0
0	0
4	0
22	0
0	0
0	0
15	0
0	0
576	0
0	0
11	0
0	0
0	0
3	0
52	0
0	0
0	0
0	0
0	0
0	6
0	6
19	0
0	0
6	6
0	6
14	0
0	0
0	0
0	0
0	0
0	0
24	0
25	0
4	0
10	0
0	3
0	4
8	5
36	0
1	0
6	0
0	1
0	0
52	0
0	0
52	0
8	0
0	0
0	0
0	0
0	0
0	0
0	0
0	0
0	0
10	14
0	4
0	0
0	1
0	0
0	0
0	3
0	0
0	0
0	0
0	14
7	0
0	0
7	0
0	0
0	0
0	0
0	0
13	0
0	0
0	0
1	0
0	0
0	0
0	0
6	5
34	0
0	0
12	0
13	0
10	0
16	0
19	0
30	0
0	0
0	0
0	0
7	0
0	0
12	0
0	0
0	1
0	0
0	0
0	0
0	0
0	0
0	0
0	0
0	0
0	0
10	0
12	0
0	0
0	0
3	0
123	0
0	0
0	0
0	0
0	0
0	0
0	0
9	0
0	0
24	0
19	0
3	0
0	0
8	0
1	0
6	0
2	0
0	0
7	0
0	0
0	0
40	0
18	0
0	0
0	0
25	0
5	0
0	0
0	0
0	0
0	0
10	0
6	0
0	0
28	0
1	0
0	0
31	0
0	0
0	0
0	10
0	10
13	3
0	31
23	0
0	0
7	0
0	24
0	24
5	0
9	0
4	0
8	0
0	0
0	0
0	0
0	0
0	0
0	0
9	0
291	0
7	0
5	0
0	0
54	0
4	0
0	0
0	0
0	0
0	0
0	0
0	0
0	0
0	0
0	0
0	0
6	0
0	0
0	0
0	0
0	0
5	0
0	0
0	0
0	0
0	6
0	6
1	0
0	0
5	0
0	0
0	0
14	0
3	0
0	0
0	0
11	0
0	35
0	0
0	0
0	0
0	0
3	0
74	0
0	8
0	8
7	0
0	0
0	9
0	9
0	0
13	0
9	0
43	0
24	0
6	0
37	0
80	0
5	0
14	0
13	0
0	0
0	0
0	0
80	0
3	0
32	2
0	0
32	5
12	0
156	0
0	0
0	8
61	0
2	20
0	0
0	0
0	0
0	0
9	0
2	0
0	0
0	0
0	0
0	0
0	0
0	4
0	4
0	0
8	0
35	0
8	0
42	0
4	0
0	0
0	0
13	5
0	0
0	0
2	3
0	0
0	0
0	0
0	0
0	0
0	0
0	0
5	0
0	0
0	0
0	0
0	0
0	0
0	6
0	0
0	0
0	0
3	0
0	0
0	0
0	8
0	8
0	50
0	50
12	0
11	0
539	0
0	0
4	0
0	0
1	0
1	0
9	0
5	0
0	0
0	2
0	2
0	0
0	1
0	1
0	0
4	0
16	0
17	0
0	0
101	0
0	46
0	45
0	1
3	0
0	0
4	0
19	0
1	0
0	0
0	0
0	2
0	2
9	0
0	0
15	0
3	0
13	0
0	0
51	0
4	0
0	0
1	0
13	0
0	0
0	0
0	8
0	8
0	0
3	0
0	16
0	0
0	0
5	0
0	0
10	0
23	0
0	0
33	0
1	0
3	0
0	0
0	0
0	0
0	0
0	0
0	0
11	0
0	0
0	0
0	0
5	0
6	0
19	0
6	0
5	0
0	0
8	0
0	0
3	0
2	0
0	0
0	0
0	0
196	0
11	0
0	0
0	0
0	0
0	0
4	0
31	0
2	0
17	0
0	0
10	0
0	0
2	0
498	0
2	0
655	0
5	0
0	21
0	21
2	0
11	0
0	0
24	0
10	0
0	0
0	0
0	0
32	0
11	0
0	0
24	0
0	15
0	15
0	0
0	0
1	0
0	0
0	0
0	0
0	0
2	0
10	0
0	0
0	0
0	0
0	0
53	0
0	0
0	20
0	20
0	0
14	0
25	0
4	0
0	0
39	0
24	0
0	0
2	0
0	0
0	0
0	0
0	15
0	15
0	0
9	0
0	0
0	0
7	0
7	0
42	0
0	0
29	0
0	0
5	0
53	0
0	0
0	0
0	2
0	2
0	0
18	0
0	0
7	107
0	107
3	0
0	0
4	0
0	0
0	0
0	0
36	0
16	0
0	0
0	0
0	0
2	5
0	0
0	0
76	0
6	0
0	0
4	0
7	0
12	0
0	0
0	0
0	0
5	0
15	0
0	7
0	7
20	0
0	0
0	9
2	0
1	0
0	0
8	0
2	0
182	0
0	0
5	0
61	0
5	0
26	0
8	0
0	0
2	0
13	0
9	0
0	0
77	0
0	0
3	0
26	0
0	0
28	0
19	0
25	0
0	0
66	0
7	0
4	0
0	0
0	0
29	0
8	0
0	0
0	0
0	0
0	0
7	0
37	0
52	1
5	0
20	0
0	0
0	0
3	0
8	0
84	0
3	0
4	7
0	7
0	0
0	0
0	0
0	23
0	23
0	0
0	0
0	28
10	55
0	0
0	5
0	35
3	0
3	0
17	0
0	0
0	0
8	0
0	0
8	0
5	0
3	0
6	0
0	0
0	0
17	0
7	0
1	0
1	0
172	0
2	0
17	0
5	0
3	0
0	0
0	0
14	0
4	0
35	0
3	0
0	0
0	9
0	9
10	0
0	0
23	0
7	0
0	0
0	3
21	0
7	0
0	0
1	0
0	0
0	0
0	0
0	0
3	0
0	0
25	0
53	1
0	0
0	0
0	0
5	0
8	0
0	0
16	0
0	21
2	0
0	0
0	0
23	0
16	0
3	0
3	0
4	0
0	0
0	0
2	0
7	0
0	0
10	0
6	0
0	1
0	1
0	1
0	0
1	3
40	0
0	0
21	0
0	0
0	0
1	0
0	0
0	0
0	0
0	0
6	0
0	0
21	0
0	2
0	0
0	0
0	0
0	0
0	0
1	0
2	0
12	0
0	14
0	14
32	0
0	0
0	0
0	0
0	0
2	0
0	0
0	0
0	0
1	0
0	0
9	0
0	0
25	0
19	0
0	0
21	1
2	0
44	0
0	0
9	0
0	0
0	0
0	0
1	0
0	0
3	0
3	0
0	0
3	0
0	0
0	0
9	0
15	0
0	0
20	0
0	0
0	0
0	0
19	0
77	0
0	0
5	0
2	0
0	6
5	0
0	0
0	0
0	0
2	0
9	0
3	0
5	7
48	0
6	0
0	0
0	0
3	0
19	0
10	0
9	0
6	0
0	0
5	0
4	0
0	0
0	0
0	0
0	0
0	0
4	0
14	0
1	0
0	0
0	0
12	0
0	0
0	1
0	1
0	0
0	0
0	0
3	0
0	0
0	0
28	0
19	0
8	0
49	0
0	0
0	0
4	0
2	0
0	0
0	13
0	21
0	0
560	4
14	0
6	0
5	0
61	0
1	0
5	0
0	6
0	6
0	6
0	6
0	6
6	0
0	0
20	0
0	0
0	0
0	0
7	0
0	0
8	0
51	0
0	0
0	0
27	0
4	0
0	0
17	0
0	0
0	30
3	30
24	0
58	0
0	0
15	0
0	0
0	0
0	0
9	0
3	0
28	0
0	0
0	0
23	0
0	0
9	0
3	0
31	0
4	0
3	0
2	0
4	0
76	0
2	0
0	0
19	0
3	0
5	0
5	0
8	0
37	0
7	0
8	0
17	0
19	0
9	0
0	0
49	0
0	0
0	0
0	0
34	0
9	0
0	6
0	6
0	0
0	0
2	0
29	0
9	0
0	0
1	0
20	0
12	0
7	0
11	0
0	0
7	0
0	0
0	0
51	0
0	14
0	14
82	0
11	3
25	0
5	0
0	0
0	0
0	0
0	0
0	0
9	0
5	1
0	20
0	20
0	15
0	0
0	0
5	0
0	0
0	0
9	0
0	0
0	0
7	0
4	0
0	6
0	0
0	0
4	0
183	0
7	0
0	0
0	0
0	0
0	0
74	0
0	94
2	94
16	0
0	0
9	0
0	0
0	17
0	17
0	17
36	0
0	0
4	0
0	0
0	0
0	0
0	0
4	0
1	0
19	0
0	5
0	5
21	0
44	0
0	0
3	0
0	0
0	0
107	0
0	0
0	0
0	0
6	0
0	2
0	2
0	0
37	12
5	0
0	6
0	6
2	0
8	0
0	0
0	0
3	0
0	0
0	0
106	0
5	0
1	0
21	0
17	0
0	0
0	0
0	0
10	0
12	0
0	0
0	0
24	0
1	0
0	0
0	0
9	0
8	0
0	0
0	0
0	0
3	0
0	0
22	0
6	0
0	0
0	0
0	0
0	0
17	0
14	0
7	0
0	0
9	0
0	0
0	0
0	0
19	0
17	0
0	0
0	0
0	0
2	0
0	0
0	0
1	0
0	0
4	0
25	0
8	0
0	0
2	0
12	0
8	0
0	0
0	0
20	0
0	0
0	0
19	0
47	0
0	0
0	0
0	0
0	0
9	0
0	0
0	0
0	0
8	0
0	0
4	0
9	0
8	0
14	0
57	0
0	0
0	0
7	0
2	0
1	0
0	0
7	0
96	0
3	0
8	0
0	0
255	0
0	0
0	0
8	0
48	0
14	0
0	2
0	0
8	0
42	0
0	0
7	0
0	0
8	0
0	18
8	0
14	0
0	348
0	348
179	0
3	0
19	0
0	0
0	0
10	0
0	0
0	0
0	0
10	0
5	9
0	0
2	0
3	0
0	0
630	1
0	0
5	0
0	0
11	0
1	0
3	0
1	0
0	0
4	0
15	0
0	15
17	0
0	0
0	0
2	0
8	0
0	0
0	0
0	0
51	27
27	13
0	0
0	1
0	1
9	0
0	0
3	0
2	0
0	0
10	0
4	0
7	0
0	3
0	3
0	0
1	0
0	0
0	0
12	0
3	0
14	0
0	0
0	0
0	0
0	0
0	0
0	0
0	0
0	0
0	2
0	2
0	0
0	0
5	0
10	0
3	0
5	0
0	0
16	0
84	0
0	0
5	0
0	0
0	0
0	0
0	0
36	0
0	0
0	0
0	0
311	0
44	0
17	0
1	0
2	0
3	0
3	0
0	0
20	0
32	0
0	0
0	0
86	0
2	0
15	0
1	0
0	3
0	0
0	0
0	0
11	0
0	0
0	0
0	0
0	0
0	0
0	3
0	3
0	0
19	0
19	0
5	0
0	0
0	0
0	0
0	0
1	0
0	0
0	0
0	0
28	0
20	0
0	0
6	0
180	0
7	0
0	7
0	7
0	0
4	0
0	0
12	0
1	0
14	0
5	0
0	16
0	16
0	0
0	6
3	0
0	0
160	0
7	0
10	0
6	0
26	0
3	0
0	15
0	0
0	0
0	0
17	0
6	0
0	0
0	0
0	0
0	0
0	0
0	0
0	0
0	6
0	6
0	6
0	6
4	0
0	0
19	0
12	30
0	0
0	0
2	0
0	22
0	0
0	0
0	0
0	0
0	0
13	0
5	0
0	0
4	0
0	0
0	0
14	0
2	0
0	0
9	0
454	0
8	0
0	0
33	0
2	0
0	0
2	0
11	0
0	0
46	0
0	0
2	0
0	0
0	0
0	0
13	0
0	0
2	0
3	4
34	0
0	0
9	0
3	0
3	0
0	0
31	0
10	0
22	0
6	0
0	0
0	14
0	14
0	0
1	0
3	0
10	0
23	0
0	0
222	0
5	0
13	0
20	0
11	0
12	0
5	0
38	0
10	7
0	0
63	0
9	0
0	1
0	0
0	9
0	9
5	0
16	0
0	0
0	0
131	0
3	0
0	0
0	0
0	0
0	0
0	0
12	0
0	4
0	4
0	0
6	0
0	38
0	38
0	0
477	0
0	0
0	0
11	0
0	0
0	0
0	0
20	0
0	0
0	0
19	0
0	1
0	1
0	6
0	0
290	0
4	0
0	0
0	0
0	0
0	10
0	10
12	0
0	0
0	0
130	0
20	0
18	0
2	0
50	0
2	0
0	0
52	0
0	0
10	0
2	0
6	0
0	0
17	0
5	0
0	0
9	0
0	0
0	0
0	0
0	0
569	11
0	0
0	0
0	207
0	207
0	0
0	0
0	8
0	8
13	0
4	0
0	0
0	0
12	0
1	0
2	0
0	0
10	0
15	0
15	0
0	0
25	0
2	0
8	0
13	0
12	0
22	23
0	0
8	0
1	0
8	0
0	12
0	1
189	2
0	0
0	0
7	0
13	0
0	0
6	0
47	0
0	0
0	0
6	0
0	0
21	0
0	0
0	0
0	0
1	0
0	8
0	0
0	0
11	0
0	0
78	0
0	0
0	0
33	0
6	0
15	0
15	0
3	0
0	0
0	0
0	0
30	1
0	4
0	4
0	0
1	0
3	0
0	0
15	0
0	0
0	0
10	0
2	0
7	0
0	0
0	0
0	0
0	0
2	6
0	7
17	0
5	0
7	0
0	0
4	0
10	0
0	0
114	0
10	0
19	0
0	0
12	0
9	0
3	0
0	0
0	24
0	24
0	0
5	0
0	0
0	0
15	0
10	0
138	0
2971	10
0	0
0	0
6	0
1	0
23	1
24	0
3	0
0	0
15	0
0	0
6	0
0	0
13	0
0	0
0	0
0	0
0	0
21	0
0	0
0	0
0	0
0	0
947	0
0	8
0	8
0	0
24	0
2	0
0	0
7	22
0	0
0	0
15	0
0	9
0	9
0	0
0	0
0	0
10	0
0	5
5	5
161	0
0	30
0	30
0	0
6	0
0	0
32	0
8	0
4	0
7	0
1	0
0	0
2	4
0	4
0	0
0	0
0	1
0	1
0	0
0	0
0	0
0	0
99	1
0	0
1	0
0	0
0	0
29	0
3	18
0	8
0	8
9	0
11	0
3	0
14	0
1	0
0	0
8	0
0	0
0	0
0	0
0	0
4	0
0	0
0	11
0	11
0	0
0	0
625	0
0	0
0	0
8	0
0	0
0	0
13	0
2	0
5	0
0	0
0	0
0	0
113	0
610	0
0	0
0	0
14	0
1	0
0	0
0	0
0	0
0	0
6	0
2	0
0	0
13	0
17	0
47	0
0	0
5	0
15	0
0	0
0	0
11	21
19	0
0	0
3	0
0	3
0	3
0	0
0	0
8	0
0	0
0	2
0	2
21	0
3	0
17	0
0	0
0	0
0	0
2	0
0	0
0	0
0	0
0	0
2	0
0	0
3	0
80	0
0	0
0	0
0	0
0	0
7	0
0	0
0	0
10	0
0	0
0	28
0	5
0	5
0	0
0	0
77	0
15	0
6	9
0	0
0	0
0	0
83	12
11	0
0	0
36	0
0	0
6	0
7	4
0	27
0	27
0	0
3	0
0	0
1	0
108	1
10	0
0	0
24	0
2	0
0	0
38	0
16	0
0	0
81	0
3	0
14	0
5	0
0	0
0	0
0	0
0	0
15	0
0	0
0	0
49	0
4	0
0	0
0	0
14	0
4	0
4	0
0	0
0	0
8	0
0	0
0	0
0	0
7	0
0	0
3	0
13	0
20	0
39	2
565	2
2	0
13	0
0	0
0	9
12	0
0	0
4	0
9	0
0	11
0	11
0	8
0	8
0	8
6	0
15	0
41	0
0	0
4	0
0	0
5	0
0	0
0	0
0	0
20	0
32	0
0	0
0	0
3	0
0	0
5	0
27	0
0	0
0	0
94	0
41	0
21	0
12	0
0	0
0	0
6	0
3	0
1	0
15	0
5	0
16	0
0	0
0	17
0	0
0	0
3	0
12	0
0	0
0	0
30	0
0	0
0	0
0	0
0	0
0	0
0	0
4	0
0	0
9	0
0	0
45	0
5	0
0	0
9	0
5	0
0	0
7	0
27	0
14	0
9	0
0	0
0	0
2	0
0	16
0	16
0	0
6	0
1	0
41	0
26	0
0	0
10	0
13	0
0	0
0	0
0	0
0	0
17	0
0	0
5	0
0	0
0	0
7	0
0	0
4	0
0	4
0	8
1	8
0	4
42	0
2	0
0	0
13	0
0	0
0	0
6	0
14	0
10	0
0	0
282	0
0	0
36	0
5	0
0	0
0	9
2	0
0	0
19	0
21	0
4	0
0	0
0	0
16	0
0	37
0	37
2	3
0	0
0	0
0	0
15	0
6	0
5	0
2	0
2	0
0	0
0	0
0	0
0	0
12	0
15	0
13	0
7	0
8	0
0	1
0	1
113	0
0	0
7	0
20	0
0	0
0	0
0	0
4	0
22	0
27	0
0	0
2	0
0	0
0	0
0	0
0	0
493	2
1	0
6	0
9	0
0	0
9	0
3	0
0	0
0	0
0	0
0	0
0	0
20	0
0	0
0	0
0	0
6	0
92	0
0	0
0	5
0	5
9	0
1	0
4	0
0	0
0	0
0	6
0	6
191	0
0	35
0	35
0	35
7	0
13	0
29	0
0	0
12	0
6	0
66	0
0	0
0	0
20	0
0	2
1	2
0	0
101	0
0	0
0	0
9	0
10	0
0	0
0	0
0	0
0	15
0	15
7	0
12	0
6	0
0	30
0	30
0	8
0	8
5	0
8	0
0	0
7	0
0	0
8	0
0	0
0	0
46	0
1	0
0	0
5	0
16	0
105	0
0	0
0	23
0	23
0	0
4	0
0	0
0	0
10	0
2	0
0	8
0	8
7	0
138	0
0	0
1	0
0	0
0	0
0	0
0	0
5	0
5	0
0	0
7	0
8	0
5	0
0	0
0	0
0	0
14	0
0	0
17	0
32	0
0	0
0	0
4	0
0	0
0	0
0	0
0	0
4	0
7	0
0	17
0	17
5	0
15	0
0	0
25	0
0	0
0	0
12	0
0	0
8	0
0	0
0	0
4	0
43	0
26	0
0	0
0	0
2	0
0	0
0	0
39	0
0	0
0	0
8	0
14	0
0	0
8	0
30	0
41	0
4	0
2	0
0	0
11	0
2	0
0	0
6	0
0	30
0	30
14	0
5	0
7	0
0	0
0	0
142	0
21	0
8	0
0	0
51	0
13	0
7	0
7	0
28	0
4	0
8	0
111	0
19	0
0	4
0	4
0	0
0	0
0	0
11	0
0	0
7	0
0	4
0	4
0	0
0	0
13	0
1	34
1	0
0	0
0	0
55	0
2	0
14	0
0	0
0	11
1	11
63	0
10	0
0	0
16	0
17	0
12	0
0	0
7	0
2	0
0	3
0	3
2	0
6	0
2	0
0	0
0	4
0	0
4	0
3	0
0	3
0	3
15	0
5	0
6	0
9	0
0	0
0	0
0	0
12	0
16	0
21	0
0	0
3	0
0	0
14	0
0	0
19	0
1	0
0	0
25	0
13	0
11	0
24	0
0	0
18	0
28	0
3	0
1	0
0	0
0	0
1	0
11	0
5	0
22	0
35	0
0	6
0	0
0	0
6	0
35	0
0	0
0	0
0	0
0	4
11	0
8	0
0	0
6	0
11	0
0	0
0	0
112	0
0	22
0	0
10	0
4	0
3	0
2	0
0	0
0	0
45	0
0	0
7	0
0	0
2	0
0	0
0	0
0	0
0	0
0	0
0	0
0	0
0	0
0	0
8	9
0	0
0	0
0	0
0	0
0	0
0	11
0	9
14	0
1	0
0	0
17	0
5	0
0	0
5	0
11	0
18	0
0	0
4	0
6	0
0	0
0	0
8	0
7	0
36	0
5	0
8	0
0	0
25	0
1	14
0	3
13	0
6	1
0	1
13	0
11	0
7	0
1	0
27	0
0	0
25	0
0	0
0	0
0	4
0	4
0	0
6	0
3	0
20	0
2	0
0	0
0	3
4	3
0	0
5	0
25	0
31	0
5	0
0	10
0	10
27	0
17	0
0	0
0	0
0	0
15	0
1	0
4	0
9	0
0	0
0	0
0	0
0	0
0	0
0	0
6	0
14	0
0	0
0	0
14	2
13	0
3	0
0	0
0	0
0	0
18	0
27	0
0	0
0	0
0	0
3	0
23	0
0	5
0	0
3	0
13	0
0	0
66	0
0	0
0	0
7	0
0	0
0	0
12	0
0	0
0	0
44	0
0	0
2	0
3	0
0	0
3	0
0	0
0	0
31	0
11	0
31	0
3	0
5	0
0	6
15	0
0	0
0	0
11	0
3	0
12	0
0	0
0	0
14	0
8	0
0	0
4	0
7	0
0	0
2	0
3	0
0	0
4	0
0	0
0	0
0	0
0	0
0	0
0	0
0	0
13	0
0	0
0	0
82	0
18	0
3	0
568	0
0	0
186	0
0	0
11	0
0	0
0	0
189	0
0	0
56	0
0	0
0	0
0	0
7	0
2	0
0	0
0	0
43	0
0	0
1	0
13	0
11	0
0	27
0	27
0	7
0	7
0	157
0	182
0	0
2	0
7	0
19	17
39	0
0	0
0	0
0	27
0	27
0	0
0	0
1	0
0	0
9	5
0	5
8	0
2	0
0	14
0	14
0	0
18	0
2	0
0	11
9	1
0	10
4	0
33	0
3	2
0	0
1	0
0	0
2	0
0	10
0	10
0	1
0	0
0	1
9	0
0	0
2	0
0	40
0	40
15	0
0	0
7	1
0	4
0	25
0	25
0	0
0	0
4	4
0	8
24	0
0	0
0	0
23	0
12	0
3	0
3	0
83	0
0	0
3	0
0	0
0	0
11	0
1	0
0	0
0	0
11	0
0	0
0	0
7	0
0	27
0	27
11	0
0	0
396	0
0	0
19	0
3	0
5	0
0	15
0	15
0	5
0	5
0	9
0	9
0	0
12	0
0	46
0	3
0	0
0	0
18	0
4	0
0	0
0	0
8	0
0	0
8	0
15	0
4	0
1	30
0	52
0	52
0	52
0	30
0	17
0	0
3	8
0	0
14	0
0	0
4	0
0	0
0	0
14	0
46	0
15	0
0	0
0	0
1	0
8	0
5	0
0	0
3	0
8	0
0	0
0	0
0	0
6	0
0	0
0	0
0	0
15	9
91	0
31	0
59	0
5	0
0	0
0	0
0	9
0	9
0	15
0	15
29	0
1	0
11	0
2	0
0	0
0	0
0	0
0	0
369	0
0	0
802	0
2	0
0	0
13	0
0	0
29	0
1	0
2	0
0	0
0	0
62	0
0	0
0	0
0	2
0	2
0	4
1	4
2	0
0	32
3	32
0	0
0	0
0	0
0	0
0	0
0	0
0	13
0	0
0	0
0	0
8	0
11	0
0	0
3	0
0	12
9	0
1	15
0	0
0	0
8	0
108	0
0	0
0	0
0	0
3	0
0	0
0	0
0	0
1	0
4	0
12	0
0	0
0	0
0	0
4	0
0	0
0	0
0	0
11	0
0	0
3	0
0	0
0	0
0	0
0	0
0	0
0	0
8	0
53	0
0	11
0	11
0	0
0	0
0	0
0	0
6	0
16	0
0	0
0	8
0	0
0	0
0	0
0	356
0	31
13	0
6	0
0	0
0	0
0	0
0	0
8	0
70	0
1	0
0	0
2	0
31	0
0	3
31	0
1	0
0	0
0	0
0	0
0	0
1	0
4	0
0	38
0	0
8	0
5	0
0	0
0	0
30	0
0	10
0	10
0	0
0	16
0	17
0	0
0	0
20	0
21	0
0	0
0	0
18	0
0	0
0	0
0	0
8	35
0	0
0	0
0	0
0	0
43	0
43	0
37	0
6	0
4	0
0	0
0	0
0	0
11	0
4	0
0	0
0	0
0	0
4	0
0	13
0	60
0	0
0	17
2	0
4	0
0	18
0	0
0	0
0	0
0	3
0	3
44	0
0	0
0	0
0	0
0	0
6	0
0	0
0	0
0	0
3	23
0	0
8	0
22	0
19	0
0	0
0	10
0	10
0	0
0	0
0	0
0	0
0	0
0	0
13	0
0	0
0	0
0	0
52	0
0	0
0	0
0	0
0	0
9	0
3	0
0	31
0	31
4	0
0	0
10	0
0	0
0	0
16	0
4	0
6	0
31	0
9	0
0	0
0	0
0	0
0	0
0	0
0	0
14	0
0	0
0	0
0	0
12	0
941	0
3	0
3	0
3	0
0	0
5	0
0	0
2	0
0	17
0	17
0	0
14	0
0	0
1	0
7	0
0	0
6	0
0	0
10	0
0	0
0	0
0	0
0	111
0	0
0	59
0	5
0	5
3	0
0	0
0	0
1	0
0	0
39	0
0	0
0	27
14	0
0	0
42	0
7	0
0	0
1	0
0	0
0	0
0	0
0	7
0	7
0	0
0	0
0	0
6	0
0	48
0	48
2	0
36	0
0	0
11	0
12	0
4	0
993	0
0	0
0	0
0	0
0	0
0	0
0	0
0	0
0	0
59	0
3	0
34	0
14	500
8	500
5	0
0	0
12	0
0	0
0	0
0	0
6	0
0	0
8	0
0	0
0	0
0	0
0	0
0	0
0	0
0	0
2	0
9	0
0	0
0	0
0	0
4	0
0	0
0	9
0	9
0	0
32	0
10	0
6	0
17	0
2	0
0	0
0	27
0	27
0	0
0	0
0	0
1	0
0	0
36	0
0	0
0	0
0	0
26	0
8	0
13	0
0	0
0	0
0	0
0	6
0	0
11	6
0	0
1	1
0	0
0	0
14	0
0	0
3	0
0	0
0	0
0	0
0	0
0	0
0	5
0	0
528	0
0	0
0	8
0	8
33	0
0	0
2	0
0	0
5	0
0	0
1	0
0	0
0	0
0	0
0	0
0	29
7	0
4	0
0	0
2	0
42	0
0	40
0	1
0	1
9	0
0	0
4	0
4	0
5	0
4	0
0	0
12	0
17	0
1	0
0	0
1	0
40	0
0	0
13	0
0	0
0	0
39	0
0	0
0	0
0	0
0	0
0	0
2	0
3	0
76	0
12	0
0	0
0	2
0	0
0	0
2	0
0	0
0	0
0	2
0	2
0	0
44	0
3	35
36	0
1	0
0	0
0	0
0	0
7	2
0	0
0	0
6	0
0	0
0	0
0	5
0	5
0	5
10	0
17	0
0	0
0	0
23	0
0	0
5	0
0	0
0	0
2	0
0	0
0	12
0	0
0	0
0	0
0	12
0	12
0	0
0	0
0	0
0	12
0	1
0	0
0	1
0	0
0	0
2	0
0	58
0	0
0	0
0	58
0	0
0	0
0	0
0	5
10	45
0	0
0	0
0	7
0	32
0	0
0	0
0	0
0	0
0	0
0	0
0	0
0	0
0	0
0	0
0	0
0	0
0	0
0	27
0	27
16	0
43	0
0	0
51	0
0	0
0	0
0	0
0	0
17	0
6	0
0	0
0	0
0	0
0	0
30	0
0	13
0	13
1	0
5	0
0	0
0	0
0	0
0	0
0	0
0	0
0	0
25	0
0	0
0	0
1	0
0	0
0	0
1	0
0	0
0	8
0	0
0	4
0	4
0	4
0	0
0	0
13	0
0	0
0	1
10	0
1	0
29	0
0	0
0	13
0	13
0	0
0	0
0	0
0	0
0	0
0	0
0	0
0	0
0	0
0	42
0	42
0	0
0	0
0	0
14	3
0	0
0	0
0	0
0	11
0	11
10	0
0	0
0	0
0	0
0	0
0	0
1	0
0	0
0	0
0	0
7	0
10	0
0	0
2	0
4	0
0	0
0	0
48	0
0	0
0	0
54	0
7	0
0	0
129	1
0	0
0	0
5	0
18	0
0	0
1	0
1	0
6	0
0	0
0	0
0	0
0	0
12	25
0	0
0	0
0	0
0	0
8	0
0	0
1	0
0	0
341	0
35	0
37	0
0	23
0	0
3	0
0	11
2242	11
0	0
0	0
7	0
0	0
269	0
4	0
0	0
22	0
8	0
0	0
0	7
0	0
7	0
5	0
8	0
4	0
0	10
0	10
0	0
213	0
8	0
0	0
0	14
0	14
18	0
4	0
0	0
0	0
9	0
2	0
7	0
5	0
0	0
0	0
1	0
0	0
0	0
0	0
13	0
18	3
9	0
0	0
0	0
0	0
0	0
0	0
0	58
0	1
0	0
0	0
0	81
0	9
0	9
0	9
18	0
0	0
6	0
0	0
18	0
31	0
5	0
0	12
0	12
33	0
0	0
0	0
0	0
0	0
44	0
15	0
0	0
0	0
0	0
0	0
22	0
34	0
12	0
0	0
19	0
0	2
0	2
0	0
0	0
0	0
0	0
0	0
6	0
0	12
0	28
0	28
0	0
0	0
3	43
0	43
1	0
9	0
8	0
0	5
0	5
35	0
0	0
5	0
0	0
0	0
0	5
0	5
129	0
0	3
0	24
9	0
0	0
0	0
0	0
0	0
0	0
0	0
3	0
0	0
7	0
0	0
0	0
0	0
7	0
0	0
0	0
18	0
0	0
0	0
0	1
10	0
0	0
0	0
0	0
0	0
0	0
0	0
0	0
0	7
0	0
6	0
0	2
0	2
11	0
0	0
5	0
0	0
5	0
0	0
0	0
0	0
2	0
3	0
2	0
2	0
18	0
13	0
7	0
3	0
0	0
0	0
0	0
0	4
0	4
0	0
219	0
13	0
0	0
0	0
0	0
0	7
0	0
12	0
0	0
11	0
13	0
0	0
0	0
0	0
0	0
0	0
0	0
40	0
0	0
0	0
0	0
0	0
8	31
0	0
11	0
0	0
0	0
2	0
2	0
0	0
9	0
5	0
7	0
6	0
72	0
0	69
0	69
0	0
19	0
0	12
0	12
5	0
0	0
0	0
3	0
0	0
1091	90
4	0
0	0
2	0
15	0
19	0
0	0
0	0
7	0
0	0
0	0
10	0
2	0
0	0
0	1
0	54
0	0
0	0
36	0
0	0
8	0
42	12
0	0
0	0
0	0
0	0
0	0
0	5
0	0
0	0
0	0
0	0
0	0
0	0
0	0
0	0
0	0
0	0
0	0
0	0
0	0
0	0
0	3
0	0
41	0
0	0
0	0
5	0
18	0
0	0
9	0
0	16
0	16
0	0
34	0
0	0
82	0
0	0
0	0
0	0
173	0
46	0
507	2
22	0
0	23
0	23
46	0
19	0
20	0
12	0
0	0
0	0
1	0
3	0
0	0
4	0
0	0
38	0
0	0
0	0
0	0
0	0
0	0
1	0
0	0
41	0
0	0
129	0
0	0
7	0
0	0
0	0
0	4
1	4
0	30
0	0
0	0
0	0
2	0
5	0
7	9
59	0
0	3
19	0
132	4
15	0
1	0
0	0
0	0
9	0
66	0
9	0
0	0
5	0
93	138
0	0
738	1
5	0
22	0
13	0
0	0
0	0
14	0
17	0
0	0
7	0
0	8
0	8
0	0
0	0
23	28
0	0
0	0
7	0
0	0
0	0
10	0
5	0
0	0
7	0
8	0
18	0
8	11
7	0
2	0
0	10
0	0
9	0
2	0
0	0
0	0
0	0
5	0
0	0
5	0
39	0
0	0
6	0
20	6
4	0
4	0
0	0
0	0
0	0
0	0
5	0
39	0
7	6
0	0
0	0
4	0
18	0
0	12
9	0
0	0
0	0
0	9
0	9
5	0
0	41
0	37
25	0
28	0
0	0
702	1
0	0
3	0
5	0
0	0
1	0
0	0
7	0
0	0
3	0
0	0
13	0
6	0
0	0
0	0
0	0
3	0
4	0
54	0
3	0
8	0
0	7
0	0
0	0
5	0
0	0
0	0
61	0
7	0
0	0
88	0
0	0
22	0
13	0
3	0
0	0
0	0
6	0
0	0
0	107
0	162
4	0
44	0
0	0
11	0
4	11
2	0
3	0
0	0
4	0
16	0
0	0
11	1
3	11
0	0
0	0
0	0
0	0
0	0
0	0
0	0
0	0
6	0
0	15
0	15
34	0
29	0
0	0
0	0
0	0
0	0
0	0
0	0
0	0
60	25
41	0
9	0
0	0
21	0
0	0
0	0
97	0
0	0
19	0
0	0
0	0
1	0
1	0
24	0
0	0
15	1
0	0
8	1
0	0
0	0
5	0
7	0
14	0
0	0
0	0
0	0
0	0
0	43
0	43
62	0
0	0
840	3
0	0
9	0
0	0
0	0
0	0
0	0
0	0
14	0
0	0
72	0
0	0
0	17
0	17
0	0
0	0
91	0
0	0
41	0
15	0
0	0
5	0
6	0
0	0
0	0
0	0
0	0
5	0
0	0
16	0
0	0
8	0
0	0
1	0
0	0
9	0
0	0
11	0
0	0
88	0
0	0
10	0
0	100
0	168
0	68
0	0
22	51
4	47
0	0
0	0
0	0
0	3
16	0
42	0
0	0
2	0
0	0
0	12
0	0
0	0
0	0
0	0
0	0
8	0
2	0
18	0
45	0
0	0
0	0
0	0
4	0
12	0
0	0
0	0
5	0
0	0
4	3
0	20
0	20
4	0
0	0
0	0
0	0
0	0
0	0
0	0
0	0
24	0
0	4
0	4
6	0
4	0
7	0
17	0
0	0
56	0
1	0
0	0
437	0
0	0
8	0
6	0
7	0
25	0
67	0
548	109
59	0
3	0
11	0
10	0
65	0
647	0
34	0
1	0
0	8
3	0
0	7
0	7
0	0
6	7
0	0
0	0
0	0
8	0
3	0
0	0
6	0
4	0
5	0
0	0
0	0
32	0
9	8
0	8
0	0
0	0
5	0
0	0
0	0
84	0
1	0
24	0
0	0
13	0
0	0
0	0
0	0
28	0
0	0
0	0
0	23
0	0
3	0
2	0
5	80
6	80
42	0
21	0
11	0
0	0
7	0
24	0
0	0
0	0
49	0
22	0
2	0
0	0
29	0
75	0
8	0
0	0
0	0
0	8
1	0
4	0
78	0
192	0
5	0
0	0
0	0
0	4
0	0
4	0
21	0
0	0
9	0
0	0
6	0
6	0
0	0
7	0
0	0
4	0
0	0
0	0
18	0
3	0
0	6
0	6
0	0
3	0
19	0
0	0
0	0
0	0
0	0
15	0
4	0
0	0
0	0
5	0
9	0
0	0
8	0
6	0
0	0
0	0
18	0
1	0
14	0
19	0
22	0
20	0
12	0
0	0
0	0
0	0
3	0
0	0
34	0
8	0
0	0
8	0
0	0
3	0
0	0
612	0
20	0
9	0
0	45
6	0
0	0
0	0
0	0
0	0
0	0
0	0
0	0
0	0
0	0
0	0
7	0
39	0
2	0
92	0
8	0
11	0
0	0
11	0
0	0
16	0
12	0
5	0
0	0
0	0
0	0
1	0
47	0
21	0
11	0
0	0
22	0
16	0
6	0
18	0
3	0
0	0
0	0
0	0
0	0
2	0
0	0
0	0
0	0
11	0
0	13
0	13
1	0
0	0
0	0
4	0
6	0
0	0
0	0
0	0
0	0
0	0
0	0
0	0
6	0
0	0
0	0
39	0
16	0
0	0
58	0
0	0
0	0
0	0
24	0
7	0
0	0
0	7
0	7
0	0
0	9
0	9
0	1
0	3
0	0
0	7
0	7
14	0
0	25
0	25
0	25
18	0
0	0
0	0
0	0
0	0
14	0
13	0
6	0
0	0
52	0
0	0
0	0
23	0
5	0
0	0
0	0
3	0
55	0
4	0
0	0
0	0
0	0
0	0
0	0
453	0
8	0
3	0
0	0
10	0
0	0
0	0
49	0
11	0
0	0
1	0
8	0
6	0
17	0
8	0
0	12
0	12
0	0
18	0
0	0
37	0
12	0
95	0
0	0
14	0
0	0
5	0
18	0
5	0
354	0
7	0
14	0
17	0
34	0
0	0
0	0
0	0
43	0
138	1
25	0
0	0
0	0
144	0
10	0
0	21
0	0
50	0
14	0
9	0
27	0
0	0
0	0
31	0
11	0
49	0
0	0
17	0
0	0
18	0
0	0
14	0
4	0
9	0
10	0
13	0
25	0
106	0
76	0
0	8
0	0
0	0
123	1
0	1
4	4
9	0
0	0
5	0
11	0
0	0
5	0
0	0
0	0
7	0
3	0
570	0
3	0
7	0
0	4
0	4
11	15
0	0
2	0
3	0
0	0
5	0
17	0
176	0
32	0
3	0
7	0
0	0
8	0
7	0
0	0
10	0
10	0
14	0
4	0
6	0
0	0
4	0
6	0
11	0
0	0
100	0
8	5
41	0
5	0
4	0
0	0
0	0
0	0
18	0
748	0
0	0
2	0
2	0
8	0
50	0
5	0
39	0
23	0
0	0
7	0
15	0
0	0
3	0
3	0
8	0
0	0
0	5
0	5
0	0
8	0
0	0
15	0
7	0
0	0
0	0
0	0
4	0
4	0
16	28
35	0
6	0
0	8
5	0
0	0
5	0
41	0
6	0
343	3
0	0
0	0
0	0
13	0
4	0
6	0
34	0
0	0
0	0
12	0
18	0
0	70
0	75
0	75
0	0
0	0
2	0
25	0
0	0
7	0
2	0
0	0
6	0
81	0
0	0
6	0
9	0
35	0
29	0
20	0
4	0
0	0
14	0
4	0
0	0
0	0
0	0
3	0
4	0
14	0
0	0
0	0
0	0
0	2
0	2
0	0
0	0
0	0
2	0
0	0
5	0
0	0
0	0
0	0
0	0
2	0
11	0
17	0
1	0
0	0
0	0
0	14
0	14
1	0
15	0
6	0
11	0
0	9
0	9
49	0
0	0
0	41
0	41
16	0
0	41
44	0
33	0
3	17
25	0
11	0
5	0
0	0
0	0
2	0
0	0
7	0
1	0
7	0
21	0
12	0
0	0
0	0
0	0
0	0
32	0
8	0
19	0
11	0
5	0
0	27
0	27
658	0
10	0
86	0
30	2
0	0
21	0
6	0
8	0
0	0
3	0
18	0
4	0
0	0
19	0
4	0
0	0
60	0
0	0
18	0
17	0
13	0
6	0
0	0
12	0
0	0
0	0
4	0
0	0
0	0
0	0
0	0
0	0
0	0
1	0
0	0
4	0
0	0
15	0
19	0
12	0
11	0
28	0
5	0
0	0
57	0
0	20
11	0
5	0
0	0
21	0
0	0
0	0
42	0
0	0
2	0
11	0
11	0
8	0
48	0
0	0
0	0
33	0
0	0
0	0
0	0
0	0
0	0
21	0
0	0
0	0
0	0
0	0
2	7
0	0
0	7
0	0
136	0
2	0
41	0
0	0
0	0
0	0
0	0
0	0
5	0
6	0
21	0
0	0
3	0
0	0
3	0
0	0
0	0
0	0
0	0
14	2
4	0
0	0
0	5
0	5
0	5
0	5
0	0
0	0
0	0
3	0
2	0
0	0
48	1
2	0
0	4
0	0
0	0
5	0
0	0
0	0
4	0
18	0
11	2
0	0
0	0
0	0
0	2
0	0
0	0
4	54
0	5
0	4
0	19
0	0
0	0
0	56
0	2
0	2
0	18
0	0
0	0
0	0
0	56
0	2
0	2
0	4
0	0
0	0
0	0
0	0
0	30
0	0
0	5
0	0
0	4
0	0
0	0
0	0
0	19
0	0
2	23
0	2
0	0
0	0
0	16
0	0
0	0
21	0
113	0
0	0
0	0
0	0
0	0
50	0
13	0
0	2
0	2
3	0
5	2
18	0
14	0
0	0
4	0
11	0
13	0
7	0
3	0
5	0
0	0
4	0
11	0
1	0
2	0
0	0
110	0
8	10
2	0
4	0
18	0
0	0
13	0
6	0
6	0
30	0
6	0
15	0
0	2
0	0
25	0
10	0
894	0
5	0
8	0
3	0
0	7
3	0
0	0
28	0
43	0
6	0
4	0
0	0
0	0
4	0
0	0
858	4
0	57
0	57
0	49
0	49
0	0
7	0
14	0
546	0
0	0
0	0
0	0
0	0
0	0
0	0
5	10
11	0
14	0
0	0
27	0
0	0
0	0
7	0
51	0
0	0
14	0
0	0
0	0
1	0
0	29
2	248
0	246
0	2
5	0
0	0
0	18
0	18
0	18
0	0
103	0
0	0
19	0
0	12
0	12
0	0
0	24
0	24
0	0
4	0
2	0
0	14
0	14
0	0
4	0
16	0
9	0
50	0
0	0
0	0
20	0
0	0
0	0
8	0
12	0
0	0
0	0
0	0
4	0
7	0
0	0
18	0
0	0
0	0
1	0
0	0
19	0
0	16
5	0
12	0
628	0
2	0
0	0
0	0
0	0
0	0
0	0
0	0
0	0
0	0
0	0
0	0
23	0
0	0
28	0
0	0
0	0
3	0
16	0
5	0
0	0
12	0
0	0
8	0
0	0
17	0
1	0
5	0
7	0
7	0
0	0
6	0
3	0
0	0
20	0
0	0
0	0
0	0
0	0
6	0
5	0
4	0
47	0
7	0
0	0
0	0
9	0
19	0
14	0
0	0
107	2
0	0
0	13
1	60
0	0
0	0
0	0
0	0
0	0
0	0
0	0
0	0
18	0
11	0
0	0
1	0
8	0
8	0
18	0
0	3
0	3
0	0
35	0
0	0
0	0
20	0
3	0
0	0
0	0
359	0
10	0
51	0
21	0
5	0
4	0
6	0
0	5
0	0
0	0
5	9
4	10
0	1
0	3
0	3
29	0
27	0
6	0
23	6
0	0
0	0
111	0
0	0
38	0
7	0
0	0
4	0
4	0
46	0
21	0
0	0
78	0
15	0
14	0
7	0
0	0
0	0
7	0
0	0
134	0
7	0
2	0
16	0
0	0
1	0
1	0
0	0
12	0
1114	1
4	0
0	0
0	1
51	0
6	0
12	0
13	0
0	0
0	0
3	0
0	0
0	0
13	0
11	0
0	0
7	0
26	0
0	0
0	0
12	0
0	0
0	0
0	0
0	0
22	0
17	0
0	0
0	0
0	0
0	0
7	18
0	0
0	0
0	29
0	9
8	10
0	0
0	0
0	0
0	0
0	3
0	0
0	0
0	0
0	0
0	0
0	0
0	0
0	0
0	0
0	0
1	0
0	0
0	0
0	0
0	0
7	0
0	0
5	0
31	0
0	0
0	0
0	0
0	0
0	0
8	0
0	0
0	0
3	0
2	0
0	0
62	0
0	0
5	0
13	0
0	19
0	19
0	0
0	0
0	0
0	3
0	3
9	0
0	0
0	0
0	0
17	0
0	0
3	23
0	0
0	0
0	0
16	23
0	0
7	0
0	0
0	9
0	9
0	0
5	0
0	0
16	0
14	0
0	0
0	0
0	0
17	0
10	0
5	0
2	0
0	0
4	0
0	0
0	0
0	0
0	0
0	0
0	0
18	0
0	0
0	0
248	12
6	0
17	0
0	0
0	0
1	0
0	0
0	0
0	0
7	0
0	18
0	0
0	0
0	0
0	0
11	25
3	0
9	0
0	0
0	0
0	0
0	0
0	0
0	0
8	0
6	0
0	0
0	16
0	0
0	16
0	15
0	15
0	15
0	0
67	0
0	0
0	0
6	0
17	0
0	0
0	0
0	0
0	0
13	0
0	0
0	0
0	31
13	0
43	0
11	0
0	0
0	0
0	0
0	0
0	0
0	0
0	0
18	0
7	0
0	0
0	0
0	0
0	0
0	0
0	0
0	0
12	0
0	0
0	0
18	0
1	0
5	0
0	0
7	0
17	0
7	0
7	0
0	0
0	0
0	0
2	0
0	0
0	0
0	0
7	0
7	0
55	0
7	0
6	0
9	0
0	0
0	0
0	0
0	0
0	14
0	14
0	0
0	0
0	0
7	0
0	8
0	0
0	0
0	8
9	0
0	0
6	0
11	0
0	0
0	0
8	0
0	0
30	0
0	0
0	0
195	0
0	0
3	0
6	0
0	0
26	0
0	0
0	0
10	0
19	0
93	1
0	4
50	0
0	10
0	10
0	0
0	0
0	0
6	0
0	11
0	11
0	9
0	9
0	0
0	0
0	0
18	0
3	0
3	0
0	0
3	0
15	0
2	0
0	0
0	0
3	0
8	0
6	0
0	0
0	0
0	0
0	0
0	0
2	0
0	6
0	0
0	0
11	0
0	0
9	0
3	0
9	0
3	0
0	0
3	38
13	0
0	0
3	0
0	0
0	0
0	0
9	0
1	18
0	0
1005	688
0	0
0	0
0	6
0	6
1	0
0	0
0	0
0	0
0	0
0	0
0	0
0	0
0	0
16	0
5	0
1551	695
0	0
125	0
1	0
0	6
0	6
0	21
0	21
0	21
0	0
17	21
31	0
7	0
6	0
41	0
17	0
1	0
0	36
0	36
8	0
15	0
615	12
3	0
0	0
11	0
148	0
17	0
0	0
7	0
9	0
11	0
0	0
0	0
5	0
0	1
0	0
4	0
0	0
0	0
0	0
0	0
15	0
6	0
0	0
0	0
0	0
0	0
0	0
8	0
1	0
2	0
8	0
0	0
28	0
17	0
0	5
0	5
847	0
6	0
16	0
0	0
12	0
19	0
1	0
10	0
0	0
16	0
0	1
1	0
0	0
0	0
358	1
0	0
0	0
0	0
18	0
0	0
0	0
32	0
55	0
7	0
0	0
0	1
0	0
14	0
58	0
4	0
0	0
0	0
0	0
0	0
0	0
0	0
0	0
8	0
79	0
0	0
6	0
2	0
6	12
0	0
0	0
0	0
0	0
6	0
2	0
7	0
29	0
0	0
18	0
15	0
34	0
9	11
0	0
0	11
0	0
0	0
0	27
0	27
17	0
0	0
4	0
1	0
0	0
0	7
0	3
0	3
22	0
9	0
8	0
0	3
0	22
0	0
10	0
12	0
17	0
0	22
0	0
7	0
0	0
0	0
3	0
0	5
22	0
0	0
0	0
0	0
0	0
0	0
4	0
7	0
59	0
47	2
0	9
0	5
0	14
0	9
0	0
0	0
0	0
0	0
9	0
10	0
204	0
22	0
5	0
6	0
0	0
0	0
2	0
0	0
40	0
0	0
9	0
27	0
3	0
0	10
3	10
1	0
6	0
3	0
11	0
8	0
0	0
0	0
32	0
5	0
14	0
37	0
0	0
6	0
13	0
0	0
39	0
22	0
0	0
2	0
1	0
84	0
0	0
0	0
5	0
2	0
0	0
0	0
9	0
0	0
2	0
0	0
4	2
0	0
0	9
0	0
0	0
0	0
4	7
0	0
0	0
0	0
0	0
3	0
3	0
27	0
0	0
13	0
0	7
0	7
3	0
4	0
0	0
2	0
0	0
0	0
0	0
0	0
67	0
0	0
6	0
1	0
9	0
0	0
51	0
0	0
20	0
8	0
4	0
0	0
6	0
4	0
4	0
8	0
2	0
63	0
1	0
5	0
29	0
0	0
0	0
8	0
8	0
10	0
0	0
2	0
3	0
143	0
0	0
0	7
0	7
9	0
0	0
0	0
0	0
6	0
4	0
325	1
14	0
4	0
8	0
36	0
6	3
0	0
0	2
3	0
0	107
0	8
0	8
0	8
0	15
0	1
0	0
18	0
6	0
0	0
4	0
0	0
0	0
0	0
106	0
4	0
16	0
0	51
0	51
0	51
0	8
0	8
9	0
31	0
0	0
4	0
0	0
0	0
2	0
3	0
0	0
5	0
9	0
9	0
606	0
6	0
10	0
9	0
0	0
0	0
0	0
16	0
0	10
0	10
2	0
0	0
13	0
20	0
12	0
0	0
0	0
0	0
